Traveller type,Reference period,United States of America residents entering Canada,"United States of America residents, air","United States of America residents, land","United States of America residents, water",Canadian residents returning from the United States of America,"Canadian residents returning from the United States of America, air","Canadian residents returning from the United States of America, land","Canadian residents returning from the United States of America, water"
Travellers,2000-01,"2,379,373","216,987","2,161,951",435,"2,887,227","474,372","2,412,575",280
Travellers,2000-02,"2,570,572","256,763","2,313,543",266,"2,881,466","520,099","2,361,193",174
Travellers,2000-03,"2,875,532","283,069","2,591,944",519,"3,746,488","627,470","3,118,661",357
Travellers,2000-04,"3,133,835","296,828","2,833,878","3,129","3,728,598","534,561","3,192,747","1,290"
Travellers,2000-05,"3,783,889","367,772","3,328,645","87,472","3,675,480","468,788","3,186,213","20,479"
Travellers,2000-06,"4,581,795","506,955","3,923,491","151,349","3,493,792","360,613","3,115,623","17,556"
Travellers,2000-07,"5,958,326","562,342","5,187,552","208,432","4,585,136","358,700","4,192,906","33,530"
Travellers,2000-08,"5,686,690","540,469","4,938,385","207,836","4,656,423","413,397","4,212,598","30,428"
Travellers,2000-09,"4,170,346","425,297","3,602,524","142,525","3,627,530","382,779","3,224,056","20,695"
Travellers,2000-10,"3,323,853","337,142","2,968,523","18,188","3,511,744","452,766","3,055,395","3,583"
Travellers,2000-11,"2,765,115","274,786","2,489,162","1,167","3,043,828","474,827","2,568,365",636
Travellers,2000-12,"2,764,489","299,480","2,464,534",475,"2,828,736","406,945","2,421,651",140
Travellers,2001-01,"2,516,617","238,824","2,277,514",279,"2,990,873","510,152","2,480,518",203
Travellers,2001-02,"2,600,181","252,103","2,347,786",292,"2,677,729","489,748","2,187,799",182
Travellers,2001-03,"3,013,013","287,754","2,724,592",667,"3,499,927","605,088","2,894,421",418
Travellers,2001-04,"3,165,570","305,828","2,852,033","7,709","3,484,457","506,019","2,977,423","1,015"
Travellers,2001-05,"3,897,711","379,704","3,426,288","91,719","3,506,538","438,167","3,045,235","23,136"
Travellers,2001-06,"4,887,631","522,696","4,199,051","165,884","3,391,774","337,555","3,034,393","19,826"
Travellers,2001-07,"6,169,566","563,457","5,395,765","210,344","4,422,851","349,565","4,040,968","32,318"
Travellers,2001-08,"6,109,626","571,520","5,333,358","204,748","4,573,280","378,797","4,162,459","32,024"
Travellers,2001-09,"3,166,956","304,777","2,717,940","144,239","2,697,528","217,735","2,451,389","28,404"
Travellers,2001-10,"2,429,712","293,531","2,095,611","40,570","2,423,077","312,167","2,103,568","7,342"
Travellers,2001-11,"2,356,560","226,935","2,128,262","1,363","2,325,380","315,468","2,009,385",527
Travellers,2001-12,"2,558,143","281,044","2,276,560",539,"2,375,029","289,775","2,085,134",120
Travellers,2002-01,"2,179,481","220,961","1,958,254",266,"2,424,297","381,235","2,042,884",178
Travellers,2002-02,"2,333,369","234,993","2,098,082",294,"2,198,723","382,229","1,816,331",163
Travellers,2002-03,"2,767,179","275,822","2,490,643",714,"2,992,908","467,871","2,524,603",434
Travellers,2002-04,"2,741,161","273,164","2,462,566","5,431","2,819,490","415,289","2,402,907","1,294"
Travellers,2002-05,"3,509,306","357,729","3,069,463","82,114","2,962,608","365,860","2,578,156","18,592"
Travellers,2002-06,"4,334,956","497,394","3,672,950","164,612","2,891,893","280,181","2,586,955","24,757"
Travellers,2002-07,"5,509,506","565,916","4,725,383","218,207","3,628,728","283,199","3,313,176","32,353"
Travellers,2002-08,"5,704,608","558,425","4,928,525","217,658","3,894,307","328,654","3,532,319","33,334"
Travellers,2002-09,"3,524,827","371,965","2,998,590","154,272","2,941,547","287,344","2,625,939","28,264"
Travellers,2002-10,"3,015,903","318,532","2,656,689","40,682","2,820,650","350,369","2,461,248","9,033"
Travellers,2002-11,"2,575,727","247,068","2,327,131","1,528","2,453,419","356,814","2,096,126",479
Travellers,2002-12,"2,682,149","301,981","2,379,733",435,"2,530,352","338,389","2,191,826",137
Travellers,2003-01,"2,204,612","220,739","1,983,565",308,"2,488,296","411,363","2,076,722",211
Travellers,2003-02,"2,142,778","229,832","1,912,586",360,"2,213,906","407,318","1,806,444",144
Travellers,2003-03,"2,278,772","253,736","2,024,467",569,"2,779,786","476,658","2,302,902",226
Travellers,2003-04,"2,205,365","221,376","1,979,009","4,980","2,514,029","375,541","2,137,464","1,024"
Travellers,2003-05,"2,854,323","278,261","2,498,208","77,854","2,821,155","343,218","2,456,904","21,033"
Travellers,2003-06,"3,631,620","449,435","3,028,525","153,660","2,892,068","278,980","2,589,705","23,383"
Travellers,2003-07,"4,818,358","547,727","4,068,393","202,238","3,586,927","285,017","3,271,729","30,181"
Travellers,2003-08,"4,989,353","511,923","4,245,195","232,235","3,916,785","317,441","3,564,793","34,551"
Travellers,2003-09,"3,061,504","352,485","2,551,401","157,618","2,860,236","276,807","2,556,218","27,211"
Travellers,2003-10,"2,727,207","308,684","2,375,998","42,525","2,862,625","343,507","2,515,660","3,458"
Travellers,2003-11,"2,271,117","241,234","2,028,887",996,"2,681,582","365,197","2,316,073",312
Travellers,2003-12,"2,324,435","297,478","2,026,457",500,"2,533,838","345,196","2,188,508",134
Travellers,2004-01,"1,833,581","200,893","1,632,375",313,"2,421,217","402,378","2,018,639",200
Travellers,2004-02,"2,044,641","225,021","1,819,228",392,"2,476,418","443,631","2,032,586",201
Travellers,2004-03,"2,177,005","275,269","1,901,088",648,"3,143,821","528,941","2,614,585",295
Travellers,2004-04,"2,303,407","292,618","2,006,790","3,999","3,054,537","458,701","2,594,738","1,098"
Travellers,2004-05,"2,905,588","345,021","2,474,855","85,712","3,147,779","396,098","2,726,289","25,392"
Travellers,2004-06,"3,716,020","491,699","3,038,411","185,910","2,861,076","292,738","2,550,668","17,670"
Travellers,2004-07,"4,976,549","596,716","4,140,605","239,228","3,662,970","309,146","3,323,773","30,051"
Travellers,2004-08,"4,607,033","590,184","3,793,868","222,981","3,834,954","300,688","3,504,867","29,399"
Travellers,2004-09,"3,221,470","401,894","2,641,106","178,470","2,956,118","307,410","2,615,441","33,267"
Travellers,2004-10,"2,605,066","333,194","2,231,403","40,469","3,008,283","393,272","2,611,498","3,513"
Travellers,2004-11,"2,076,665","268,161","1,807,478","1,026","2,776,338","406,789","2,369,234",315
Travellers,2004-12,"2,159,089","308,269","1,850,328",492,"2,703,786","400,214","2,303,400",172
Travellers,2005-01,"1,711,345","228,299","1,482,636",410,"2,548,897","482,633","2,066,091",173
Travellers,2005-02,"1,854,779","253,646","1,600,673",460,"2,493,474","471,320","2,021,904",250
Travellers,2005-03,"2,053,896","275,596","1,777,678",622,"3,375,419","592,224","2,782,759",436
Travellers,2005-04,"2,107,294","274,318","1,829,866","3,110","3,081,063","512,814","2,567,328",921
Travellers,2005-05,"2,677,936","342,898","2,244,041","90,997","3,237,201","450,468","2,759,750","26,983"
Travellers,2005-06,"3,484,998","518,386","2,787,790","178,822","2,968,579","325,105","2,626,188","17,286"
Travellers,2005-07,"4,653,491","579,160","3,807,566","266,765","3,975,164","348,038","3,594,658","32,468"
Travellers,2005-08,"4,119,742","508,569","3,381,766","229,407","4,167,434","383,312","3,756,082","28,040"
Travellers,2005-09,"2,892,131","408,225","2,292,898","191,008","3,153,288","358,220","2,771,556","23,512"
Travellers,2005-10,"2,266,885","328,671","1,904,830","33,384","3,104,577","426,972","2,674,255","3,350"
Travellers,2005-11,"1,826,658","263,471","1,562,509",678,"2,876,949","437,186","2,439,433",330
Travellers,2005-12,"2,005,857","298,150","1,707,352",355,"2,811,949","401,066","2,410,700",183
Travellers,2006-01,"1,629,252","211,623","1,417,424",205,"2,857,631","525,694","2,331,740",197
Travellers,2006-02,"1,619,633","223,025","1,396,378",230,"2,520,894","504,747","2,015,972",175
Travellers,2006-03,"1,841,478","264,157","1,576,848",473,"3,483,208","643,334","2,839,546",328
Travellers,2006-04,"2,018,963","280,848","1,733,539","4,576","3,479,399","548,923","2,928,421","2,055"
Travellers,2006-05,"2,451,881","369,350","1,989,709","92,822","3,451,196","462,682","2,963,501","25,013"
Travellers,2006-06,"3,227,016","515,175","2,534,485","177,356","3,122,577","347,136","2,757,174","18,267"
Travellers,2006-07,"4,137,848","542,723","3,355,008","240,117","4,192,098","371,733","3,789,245","31,120"
Travellers,2006-08,"3,768,710","508,342","3,041,700","218,668","4,367,805","417,658","3,920,809","29,338"
Travellers,2006-09,"2,648,309","394,837","2,084,142","169,330","3,327,268","389,138","2,911,940","26,190"
Travellers,2006-10,"1,991,814","314,871","1,626,273","50,670","3,207,459","458,427","2,744,975","4,057"
Travellers,2006-11,"1,657,936","253,380","1,403,946",610,"3,097,504","479,332","2,617,944",228
Travellers,2006-12,"1,879,834","297,267","1,582,111",456,"3,066,322","451,648","2,614,553",121
Travellers,2007-01,"1,353,963","210,382","1,143,393",188,"2,877,375","569,567","2,307,662",146
Travellers,2007-02,"1,322,059","218,746","1,103,124",189,"2,461,382","520,059","1,941,156",167
Travellers,2007-03,"1,564,138","253,364","1,310,321",453,"3,502,511","663,396","2,838,875",240
Travellers,2007-04,"1,655,312","253,919","1,396,244","5,149","3,408,943","573,835","2,833,589","1,519"
Travellers,2007-05,"2,235,259","357,747","1,776,576","100,936","3,461,038","489,269","2,941,649","30,120"
Travellers,2007-06,"3,034,207","493,540","2,345,162","195,505","3,256,545","364,025","2,868,357","24,163"
Travellers,2007-07,"3,675,726","522,321","2,928,889","224,516","4,313,720","392,060","3,887,793","33,867"
Travellers,2007-08,"3,611,684","501,722","2,885,486","224,476","4,693,036","450,859","4,207,422","34,755"
Travellers,2007-09,"2,438,850","381,428","1,870,048","187,374","3,711,791","417,487","3,258,937","35,367"
Travellers,2007-10,"1,840,328","315,276","1,463,961","61,091","3,804,551","489,583","3,307,485","7,483"
Travellers,2007-11,"1,437,897","242,004","1,195,118",775,"3,811,668","522,190","3,289,142",336
Travellers,2007-12,"1,525,134","278,324","1,246,421",389,"3,338,189","486,824","2,851,191",174
Travellers,2008-01,"1,162,479","198,782","963,554",143,"3,172,026","619,980","2,551,879",167
Travellers,2008-02,"1,174,734","210,913","963,644",177,"2,919,308","618,609","2,300,456",243
Travellers,2008-03,"1,333,329","244,021","1,088,973",335,"4,089,421","751,267","3,337,649",505
Travellers,2008-04,"1,398,283","257,237","1,129,019","12,027","3,649,227","657,063","2,988,755","3,409"
Travellers,2008-05,"2,004,245","335,088","1,562,854","106,303","3,906,890","547,322","3,329,182","30,386"
Travellers,2008-06,"2,554,865","453,604","1,940,121","161,140","3,563,701","403,799","3,137,511","22,391"
Travellers,2008-07,"3,263,123","505,499","2,541,659","215,965","4,455,823","432,769","3,988,885","34,169"
Travellers,2008-08,"3,314,296","463,153","2,622,375","228,768","5,209,318","481,823","4,685,064","42,431"
Travellers,2008-09,"1,988,107","341,001","1,450,397","196,709","3,509,115","408,644","3,062,321","38,150"
Travellers,2008-10,"1,669,993","290,967","1,330,033","48,993","3,336,692","490,727","2,842,087","3,878"
Travellers,2008-11,"1,335,212","224,543","1,110,037",632,"3,079,764","518,234","2,561,156",374
Travellers,2008-12,"1,406,979","281,041","1,125,668",270,"2,721,960","489,850","2,231,992",118
Travellers,2009-01,"1,090,995","183,404","907,468",123,"2,593,090","569,630","2,023,341",119
Travellers,2009-02,"1,120,662","190,547","929,894",221,"2,532,238","562,168","1,969,864",206
Travellers,2009-03,"1,254,647","209,604","1,044,694",349,"3,397,799","686,589","2,710,931",279
Travellers,2009-04,"1,436,777","228,177","1,204,628","3,972","3,247,186","605,233","2,640,466","1,487"
Travellers,2009-05,"1,973,221","284,979","1,568,327","119,915","3,422,532","483,152","2,903,711","35,669"
Travellers,2009-06,"2,147,353","401,288","1,555,581","190,484","2,798,224","358,146","2,412,797","27,281"
Travellers,2009-07,"2,895,195","479,542","2,199,093","216,560","3,730,690","397,935","3,295,593","37,162"
Travellers,2009-08,"2,782,090","418,104","2,143,024","220,962","4,589,836","500,293","4,046,023","43,520"
Travellers,2009-09,"1,947,875","333,397","1,423,211","191,267","3,358,341","424,395","2,894,956","38,990"
Travellers,2009-10,"1,461,206","268,002","1,146,031","47,173","3,255,637","510,543","2,740,560","4,534"
Travellers,2009-11,"1,128,469","210,814","915,422","2,233","3,239,376","530,357","2,708,545",474
Travellers,2009-12,"1,287,118","264,990","1,021,851",277,"3,089,199","528,427","2,560,595",177
Travellers,2010-01,"1,045,322","178,505","866,690",127,"3,092,336","638,197","2,454,010",129
Travellers,2010-02,"1,152,076","201,918","949,854",304,"2,805,243","610,154","2,194,833",256
Travellers,2010-03,"1,220,989","232,897","987,730",362,"3,987,507","753,262","3,233,919",326
Travellers,2010-04,"1,365,298","241,057","1,119,099","5,142","3,967,980","699,550","3,266,379","2,051"
Travellers,2010-05,"1,786,776","291,932","1,407,412","87,432","4,080,181","597,442","3,457,426","25,313"
Travellers,2010-06,"2,357,460","438,906","1,753,382","165,172","3,523,454","444,340","3,060,723","18,391"
Travellers,2010-07,"3,165,878","487,156","2,459,632","219,090","4,745,877","476,289","4,236,182","33,406"
Travellers,2010-08,"2,869,457","437,970","2,230,572","200,915","5,313,264","536,647","4,739,172","37,445"
Travellers,2010-09,"2,044,834","349,420","1,515,999","179,415","3,902,461","481,108","3,387,716","33,637"
Travellers,2010-10,"1,600,191","300,888","1,246,160","53,143","3,937,499","573,960","3,357,294","6,245"
Travellers,2010-11,"1,214,303","240,883","972,909",511,"3,811,008","588,956","3,221,646",406
Travellers,2010-12,"1,342,974","268,488","1,074,279",207,"3,755,179","571,402","3,183,622",155
Travellers,2011-01,"997,427","193,304","803,987",136,"3,503,674","682,657","2,820,717",300
Travellers,2011-02,"998,865","188,555","810,154",156,"3,238,595","647,969","2,590,385",241
Travellers,2011-03,"1,143,531","239,546","903,770",215,"4,446,929","831,484","3,615,223",222
Travellers,2011-04,"1,322,884","239,970","1,079,854","3,060","4,583,046","769,529","3,811,524","1,993"
Travellers,2011-05,"1,726,071","327,090","1,318,601","80,380","4,632,761","635,854","3,968,058","28,849"
Travellers,2011-06,"2,362,694","458,160","1,726,438","178,096","4,126,786","481,138","3,626,735","18,913"
Travellers,2011-07,"3,092,497","488,307","2,383,512","220,678","5,410,178","540,945","4,830,954","38,279"
Travellers,2011-08,"2,750,521","429,738","2,116,270","204,513","5,941,109","606,107","5,297,328","37,674"
Travellers,2011-09,"2,004,386","360,545","1,476,419","167,422","4,432,251","535,042","3,868,669","28,540"
Travellers,2011-10,"1,539,196","294,346","1,192,222","52,628","4,297,586","598,754","3,693,317","5,515"
Travellers,2011-11,"1,206,157","236,516","968,814",827,"4,096,983","611,568","3,485,119",296
Travellers,2011-12,"1,399,238","264,323","1,134,517",398,"4,092,197","587,419","3,504,643",135
Travellers,2012-01,"1,011,258","195,813","815,191",254,"3,768,389","734,872","3,033,350",167
Travellers,2012-02,"1,086,661","207,441","879,068",152,"3,701,887","714,215","2,987,384",288
Travellers,2012-03,"1,204,701","241,129","962,689",883,"4,838,700","877,151","3,961,127",422
Travellers,2012-04,"1,358,810","259,391","1,094,894","4,525","4,778,448","784,211","3,992,125","2,112"
Travellers,2012-05,"1,773,546","327,227","1,366,019","80,300","4,629,794","620,651","3,973,653","35,490"
Travellers,2012-06,"2,460,785","460,220","1,803,849","196,716","4,341,499","488,233","3,826,797","26,469"
Travellers,2012-07,"2,937,103","481,084","2,243,506","212,513","5,618,172","535,594","5,043,808","38,770"
Travellers,2012-08,"2,904,385","459,300","2,236,339","208,746","6,191,508","607,054","5,545,058","39,396"
Travellers,2012-09,"1,956,234","358,751","1,421,451","176,032","4,758,845","530,272","4,193,684","34,889"
Travellers,2012-10,"1,479,563","307,610","1,119,636","52,317","4,409,895","616,491","3,785,650","7,754"
Travellers,2012-11,"1,180,601","228,422","951,009","1,170","4,264,886","625,507","3,639,033",346
Travellers,2012-12,"1,365,536","285,748","1,079,429",359,"4,306,702","620,434","3,686,079",189
Travellers,2013-01,"1,002,423","198,202","804,093",128,"3,954,853","747,132","3,207,616",105
Travellers,2013-02,"1,002,375","202,533","799,720",122,"3,754,001","730,297","3,023,509",195
Travellers,2013-03,"1,242,520","248,748","993,400",372,"5,112,463","912,066","4,199,869",528
Travellers,2013-04,"1,222,123","255,990","961,648","4,485","4,646,596","828,344","3,816,388","1,864"
Travellers,2013-05,"1,764,126","347,838","1,325,070","91,218","4,784,190","656,710","4,097,354","30,126"
Travellers,2013-06,"2,410,134","485,499","1,732,431","192,204","4,522,572","512,186","3,982,804","27,582"
Travellers,2013-07,"2,928,974","529,889","2,182,614","216,471","5,601,165","563,933","4,996,742","40,490"
Travellers,2013-08,"2,982,504","493,849","2,267,487","221,168","6,276,556","641,450","5,588,038","47,068"
Travellers,2013-09,"1,869,616","384,289","1,329,490","155,837","4,647,280","559,831","4,047,781","39,668"
Travellers,2013-10,"1,510,038","315,637","1,146,773","47,628","4,423,256","633,441","3,784,829","4,986"
Travellers,2013-11,"1,184,933","239,724","944,143","1,066","4,259,030","662,978","3,595,742",310
Travellers,2013-12,"1,315,563","293,521","1,021,564",478,"4,226,369","654,290","3,571,908",171
Travellers,2014-01,"953,524","201,965","751,461",98,"3,761,567","760,867","3,000,522",178
Travellers,2014-02,"965,268","206,159","758,998",111,"3,460,438","769,379","2,690,902",157
Travellers,2014-03,"1,113,080","252,290","860,447",343,"4,653,998","940,687","3,713,016",295
Travellers,2014-04,"1,291,033","277,585","1,008,496","4,952","4,568,679","814,538","3,752,588","1,553"
Travellers,2014-05,"1,796,721","387,360","1,314,752","94,609","4,661,694","695,485","3,933,264","32,945"
Travellers,2014-06,"2,384,427","533,777","1,684,279","166,371","4,415,870","530,751","3,858,520","26,599"
Travellers,2014-07,"2,914,109","580,605","2,149,652","183,852","5,256,929","557,238","4,664,281","35,410"
Travellers,2014-08,"2,984,275","524,644","2,260,002","199,629","6,107,315","651,906","5,410,680","44,729"
Travellers,2014-09,"1,859,587","413,045","1,288,477","158,065","4,330,689","566,026","3,728,497","36,166"
Travellers,2014-10,"1,561,984","344,274","1,164,490","53,220","4,164,134","649,840","3,505,182","9,112"
Travellers,2014-11,"1,144,248","254,339","888,486","1,423","3,952,744","675,339","3,276,131","1,274"
Travellers,2014-12,"1,377,156","314,794","1,061,954",408,"3,890,368","664,571","3,225,672",125
Travellers,2015-01,"1,018,877","215,393","803,338",146,"3,429,575","799,317","2,630,092",166
Travellers,2015-02,"1,004,172","221,476","782,435",261,"3,023,370","776,652","2,246,459",259
Travellers,2015-03,"1,183,579","270,023","911,841","1,715","4,065,897","928,641","3,135,350","1,906"
Travellers,2015-04,"1,366,855","302,288","1,055,213","9,354","3,913,648","831,565","3,074,730","7,353"
Travellers,2015-05,"1,945,998","412,512","1,425,436","108,050","4,065,567","652,724","3,382,375","30,468"
Travellers,2015-06,"2,654,034","576,978","1,896,320","180,736","3,641,151","490,507","3,133,116","17,528"
Travellers,2015-07,"3,247,114","622,153","2,415,230","209,731","4,520,721","542,140","3,943,691","34,890"
Travellers,2015-08,"3,025,954","558,883","2,261,423","205,648","4,739,134","604,748","4,094,939","39,447"
Travellers,2015-09,"2,141,658","429,431","1,545,325","166,902","3,453,056","528,082","2,891,593","33,381"
Travellers,2015-10,"1,667,215","361,001","1,255,873","50,341","3,307,043","595,191","2,702,205","9,647"
Travellers,2015-11,"1,277,052","275,818","999,179","2,055","3,177,780","645,772","2,529,396","2,612"
Travellers,2015-12,"1,525,352","336,706","1,186,795","1,851","3,067,459","600,227","2,465,962","1,270"
Travellers,2016-01,"1,145,168","240,179","904,807",182,"2,922,914","716,712","2,206,077",125
Travellers,2016-02,"1,208,277","281,922","926,044",311,"2,576,508","705,119","1,871,198",191
Travellers,2016-03,"1,426,637","331,884","1,093,283","1,470","3,470,015","848,250","2,621,310",455
Travellers,2016-04,"1,507,640","341,987","1,150,243","15,410","3,335,607","755,725","2,570,820","9,062"
Travellers,2016-05,"2,056,876","462,286","1,478,142","116,448","3,622,055","642,386","2,948,259","31,410"
Travellers,2016-06,"2,757,286","661,795","1,904,936","190,555","3,276,766","503,939","2,754,726","18,101"
Travellers,2016-07,"3,585,256","727,463","2,627,533","230,260","4,193,491","538,517","3,623,153","31,821"
Travellers,2016-08,"3,112,184","622,230","2,297,870","192,084","4,568,718","633,462","3,901,299","33,957"
Travellers,2016-09,"2,343,198","524,710","1,632,221","186,267","3,523,793","558,566","2,931,599","33,628"
Travellers,2016-10,"1,785,403","413,400","1,303,648","68,355","3,418,760","639,823","2,766,331","12,606"
Travellers,2016-11,"1,375,198","313,513","1,059,558","2,127","3,075,251","662,266","2,412,593",392
Travellers,2016-12,"1,592,262","387,935","1,203,973",354,"3,005,257","641,787","2,363,368",102
Travellers,2017-01,"1,164,610","271,319","893,109",182,"3,050,181","783,361","2,266,722",98
Travellers,2017-02,"1,170,713","272,021","898,333",359,"2,715,331","740,680","1,974,461",190
Travellers,2017-03,"1,344,621","344,104","999,913",604,"3,486,332","934,527","2,551,574",231
Travellers,2017-04,"1,613,774","383,922","1,214,537","15,315","3,610,389","846,231","2,755,395","8,763"
Travellers,2017-05,"2,023,086","476,739","1,442,417","103,930","3,368,380","668,912","2,672,385","27,083"
Travellers,2017-06,"2,912,046","728,064","1,980,577","203,405","3,260,986","607,941","2,636,767","16,278"
Travellers,2017-07,"3,558,512","739,458","2,606,074","212,980","4,250,935","643,064","3,580,887","26,984"
Travellers,2017-08,"3,249,568","668,893","2,381,313","199,362","4,720,186","701,956","3,987,240","30,990"
Travellers,2017-09,"2,396,044","522,363","1,663,586","210,095","3,699,710","648,057","3,018,741","32,912"
Travellers,2017-10,"1,825,062","450,784","1,300,204","74,074","3,576,607","737,245","2,826,438","12,924"
Travellers,2017-11,"1,422,079","361,803","1,060,011",265,"3,342,409","791,885","2,550,252",272
Travellers,2017-12,"1,614,905","399,640","1,215,214",51,"3,313,254","746,789","2,566,431",34
Travellers,2018-01,"1,146,690","289,486","857,092",112,"3,206,391","872,392","2,333,912",87
Travellers,2018-02,"1,186,593","296,703","889,718",172,"2,984,793","852,060","2,132,580",153
Travellers,2018-03,"1,495,019","367,360","1,127,271",388,"4,066,474","1,039,645","3,026,524",305
Travellers,2018-04,"1,437,650","354,384","1,070,433","12,833","3,893,105","956,969","2,929,605","6,531"
Travellers,2018-05,"2,015,515","442,218","1,467,447","105,850","3,929,861","774,033","3,127,170","28,658"
Travellers,2018-06,"2,982,857","669,864","2,098,785","214,208","3,568,775","616,354","2,933,618","18,803"
Travellers,2018-07,"3,522,169","707,609","2,594,853","219,707","4,298,575","652,977","3,616,981","28,617"
Travellers,2018-08,"3,402,996","655,554","2,525,958","221,484","4,674,799","736,841","3,901,715","36,243"
Travellers,2018-09,"2,319,196","512,183","1,609,931","197,082","3,629,642","687,699","2,909,266","32,677"
Travellers,2018-10,"1,795,847","435,419","1,291,330","69,098","3,551,483","798,215","2,742,215","11,053"
Travellers,2018-11,"1,435,666","351,665","1,083,634",367,"3,241,304","838,853","2,402,231",220
Travellers,2018-12,"1,672,242","389,275","1,282,920",47,"3,329,676","808,470","2,521,169",37
Travellers,2019-01,"1,140,166","281,378","858,662",126,"3,035,434","904,756","2,130,547",131
Travellers,2019-02,"1,158,358","298,744","859,511",103,"2,836,843","905,637","1,931,112",94
Travellers,2019-03,"1,457,330","366,667","1,089,374","1,289","4,004,204","1,138,388","2,863,431","2,385"
Travellers,2019-04,"1,589,192","403,386","1,178,578","7,228","3,816,335","985,940","2,827,799","2,596"
Travellers,2019-05,"2,135,005","470,254","1,529,589","135,162","3,743,616","805,734","2,905,090","32,792"
Travellers,2019-06,"2,998,407","685,288","2,092,327","220,792","3,491,187","638,538","2,832,834","19,815"
Travellers,2019-07,"3,615,631","735,103","2,640,986","239,542","4,310,150","662,300","3,618,927","28,923"
Travellers,2019-08,"3,552,265","666,738","2,652,451","233,076","4,766,463","739,182","3,990,837","36,444"
Travellers,2019-09,"2,295,325","534,797","1,550,516","210,012","3,634,855","707,125","2,886,559","41,171"
Travellers,2019-10,"1,854,059","442,252","1,326,872","84,935","3,504,393","815,519","2,678,978","9,896"
Travellers,2019-11,"1,464,188","340,349","1,123,266",573,"3,286,910","882,499","2,401,886","2,525"
Travellers,2019-12,"1,697,726","412,596","1,284,817",313,"3,383,473","853,109","2,530,244",120
Travellers,2020-01,"1,201,690","283,023","918,575",92,"3,069,835","936,866","2,132,891",78
Travellers,2020-02,"1,281,300","294,559","986,589",152,"3,073,031","928,622","2,144,269",140
Travellers,2020-03,"610,781","138,668","471,980",133,"2,237,531","699,131","1,538,185",215
Travellers,2020-04,"51,042","2,817","48,197",28,"151,775","10,969","140,775",31
Travellers,2020-05,"72,078","3,710","68,280",88,"169,316","9,573","159,648",95
Travellers,2020-06,"101,607","8,011","93,220",376,"210,824","16,163","194,451",210
Travellers,2020-07,"113,414","11,028","102,027",359,"233,672","26,156","207,192",324
Travellers,2020-08,"120,824","14,009","106,490",325,"254,258","36,544","217,375",339
Travellers,2020-09,"112,980","12,296","100,402",282,"250,399","32,322","217,801",276
Travellers,2020-10,"112,513","12,928","99,451",134,"268,993","42,222","226,634",137
Travellers,2020-11,"98,444","14,112","84,283",49,"252,607","54,473","198,069",65
Travellers,2020-12,"113,887","20,743","93,127",17,"271,069","62,463","208,552",54
Travellers,2021-01,"86,456","11,487","74,962",7,"264,999","72,649","192,318",32
Travellers,2021-02,"75,398","6,091","69,287",20,"216,261","32,198","184,000",63
Travellers,2021-03,"95,943","4,450","91,445",48,"256,854","18,870","237,884",100
Travellers,2021-04,"95,634","5,105","90,365",164,"283,318","23,586","259,592",140
Travellers,2021-05,"113,451","5,625","107,208",618,"311,849","28,189","283,359",301
Travellers,2021-06,"128,447","8,237","119,614",596,"310,858","25,263","285,139",456
Travellers,2021-07,"194,799","37,113","157,251",435,"393,797","93,199","300,171",427
Travellers,2021-08,"509,669","90,826","416,743","2,100","506,130","170,043","335,714",373
Travellers,2021-09,"518,223","117,621","399,252","1,350","474,741","175,704","298,613",424
Travellers,2021-10,"488,616","127,057","361,227",332,"556,775","253,509","303,044",222
Travellers,2021-11,"439,089","121,562","317,449",78,"785,838","324,867","460,839",132
Travellers,2021-12,"550,264","170,313","379,852",99,"1,119,062","335,437","783,556",69
Travellers,2022-01,"218,558","57,701","160,707",150,"690,166","261,143","428,880",143
Travellers,2022-02,"314,845","84,740","229,815",290,"686,331","276,540","409,574",217
Travellers,2022-03,"465,235","145,457","319,098",680,"1,337,777","549,331","788,127",319
Travellers,2022-04,"759,600","177,986","558,454","23,160","2,082,892","611,533","1,461,269","10,090"
Travellers,2022-05,"1,112,682","267,730","712,782","132,170","2,208,563","593,245","1,592,223","23,095"
Travellers,2022-06,"1,724,681","488,894","1,036,239","199,548","1,986,034","448,483","1,518,271","19,280"
Travellers,2022-07,"2,193,729","544,342","1,396,245","253,142","2,590,353","503,589","2,049,906","36,858"
Travellers,2022-08,"1,968,894","452,798","1,263,991","252,105","2,981,103","685,025","2,253,542","42,536"
Travellers,2022-09,"1,560,470","394,645","947,905","217,920","2,454,950","720,137","1,697,525","37,288"
Travellers,2022-10,"1,388,757","313,318","964,263","111,176","2,778,994","867,608","1,888,710","22,676"
Travellers,2022-11,"1,036,655","253,459","768,230","14,966","2,576,282","947,860","1,619,412","9,010"
Travellers,2022-12,"1,221,069","314,029","891,140","15,900","2,468,779","924,034","1,539,215","5,530"
Travellers,2023-01,"866,679","198,179","666,019","2,481","2,744,340","1,107,843","1,633,224","3,273"
Travellers,2023-02,"945,125","220,099","719,647","5,379","2,506,356","1,025,421","1,476,489","4,446"
Travellers,2023-03,"1,094,111","275,072","807,607","11,432","3,340,318","1,324,037","2,008,241","8,040"
Travellers,2023-04,"1,300,810","290,091","967,742","42,977","3,194,372","1,115,878","2,062,250","16,244"
Travellers,2023-05,"1,831,775","397,503","1,225,810","208,462","3,146,982","902,416","2,189,862","54,704"
Travellers,2023-06,"2,652,705","645,915","1,691,647","315,143","2,779,175","645,219","2,099,269","34,687"
Travellers,2023-07,"3,130,621","676,825","2,109,728","344,068","3,710,779","699,943","2,959,442","51,394"
Travellers,2023-08,"2,834,744","561,136","1,927,709","345,899","4,016,428","764,920","3,189,774","61,734"
Travellers,2023-09,"2,174,918","466,328","1,399,829","308,761","3,078,088","714,734","2,310,135","53,219"
Travellers,2023-10,"1,628,185","380,950","1,105,574","141,661","3,132,432","855,637","2,250,207","26,588"
Travellers,2023-11,"1,219,676","286,449","918,409","14,818","2,857,395","863,975","1,985,056","8,364"
Travellers,2023-12,"1,524,595","357,962","1,144,817","21,816","2,847,693","808,958","2,030,973","7,762"
Travellers,2024-01,"910,621","223,574","685,639","1,408","2,734,155","919,454","1,811,362","3,339"
Travellers,2024-02,"1,127,588","256,940","863,248","7,400","2,696,638","900,551","1,790,552","5,535"
Travellers,2024-03,"1,336,056","314,412","1,006,609","15,035","3,587,100","1,102,718","2,474,154","10,228"
Travellers,2024-04,"1,476,081","338,941","1,081,227","55,913","3,265,468","969,354","2,278,315","17,799"
Travellers,2024-05,"2,072,414","478,262","1,369,118","225,034","3,380,612","863,362","2,463,544","53,706"
Travellers,2024-06,"2,897,819","716,155","1,854,296","327,368","3,014,943","638,697","2,338,388","37,858"
Travellers,2024-07,"3,353,349","757,800","2,233,841","361,708","3,802,378","672,209","3,080,319","49,850"
Travellers,2024-08,"3,195,854","658,839","2,163,030","373,985","4,165,080","733,921","3,367,608","63,551"
Travellers,2024-09,"2,198,468","524,015","1,345,936","328,517","3,263,428","702,673","2,504,831","55,924"
Travellers,2024-10,"1,760,987","421,401","1,219,730","119,856","3,170,986","807,440","2,341,957","21,589"
Travellers,2024-11,"1,448,685","327,266","1,108,268","13,151","2,940,721","820,944","2,111,545","8,232"
Travellers,2024-12,"1,685,491","414,766","1,251,527","19,198","2,993,344","807,318","2,177,772","8,254"
Travellers,2025-01,"1,100,257","248,628","849,495","2,134","2,670,643","845,669","1,822,502","2,472"
Excursionists,2000-01,"1,803,215","23,149","1,779,864",202,"1,949,558","7,764","1,941,794",0
Excursionists,2000-02,"1,836,476","26,279","1,810,083",114,"1,947,994","8,425","1,939,569",0
Excursionists,2000-03,"2,087,106","27,965","2,058,926",215,"2,363,423","10,269","2,353,154",0
Excursionists,2000-04,"2,225,278","40,774","2,182,705","1,799","2,365,707","8,925","2,356,749",33
Excursionists,2000-05,"2,527,006","52,176","2,429,118","45,712","2,417,945","7,968","2,409,333",644
Excursionists,2000-06,"2,738,053","70,079","2,591,150","76,824","2,412,063","6,281","2,403,377","2,405"
Excursionists,2000-07,"3,444,069","75,545","3,258,493","110,031","2,854,006","11,088","2,840,528","2,390"
Excursionists,2000-08,"3,304,557","73,405","3,123,591","107,561","2,856,328","12,763","2,841,525","2,040"
Excursionists,2000-09,"2,602,563","59,740","2,474,080","68,743","2,397,882","11,827","2,385,145",910
Excursionists,2000-10,"2,313,361","32,114","2,274,761","6,486","2,363,773","5,954","2,357,819",0
Excursionists,2000-11,"2,009,293","26,660","1,981,702",931,"2,074,644","6,278","2,068,366",0
Excursionists,2000-12,"1,913,868","24,772","1,888,863",233,"1,996,125","5,345","1,990,780",0
Excursionists,2001-01,"1,897,548","25,200","1,872,189",159,"1,995,372","10,658","1,984,714",0
Excursionists,2001-02,"1,849,038","25,514","1,823,400",124,"1,803,911","10,096","1,793,815",0
Excursionists,2001-03,"2,163,195","29,233","2,133,626",336,"2,175,125","12,726","2,162,399",0
Excursionists,2001-04,"2,216,728","34,233","2,178,101","4,394","2,184,263","8,880","2,175,354",29
Excursionists,2001-05,"2,562,599","42,967","2,472,001","47,631","2,304,663","7,457","2,296,486",720
Excursionists,2001-06,"2,919,246","57,144","2,777,992","84,110","2,337,588","5,785","2,327,948","3,855"
Excursionists,2001-07,"3,595,922","61,098","3,425,586","109,238","2,747,515","8,809","2,737,032","1,674"
Excursionists,2001-08,"3,422,283","63,338","3,253,520","105,425","2,820,765","9,492","2,809,522","1,751"
Excursionists,2001-09,"1,873,312","36,062","1,766,559","70,691","1,698,167","5,527","1,691,630","1,010"
Excursionists,2001-10,"1,507,381","27,320","1,474,509","5,552","1,559,598","5,254","1,554,344",0
Excursionists,2001-11,"1,621,802","21,640","1,599,002","1,160","1,565,890","5,568","1,560,322",0
Excursionists,2001-12,"1,672,018","22,243","1,649,477",298,"1,648,659","5,111","1,643,548",0
Excursionists,2002-01,"1,569,937","24,688","1,545,110",139,"1,596,163","5,877","1,590,286",0
Excursionists,2002-02,"1,555,162","22,874","1,532,142",146,"1,436,695","5,792","1,430,903",0
Excursionists,2002-03,"1,861,327","26,681","1,834,234",412,"1,774,525","7,260","1,767,265",0
Excursionists,2002-04,"1,858,053","34,652","1,820,105","3,296","1,713,779","5,487","1,708,286",6
Excursionists,2002-05,"2,157,445","44,801","2,068,941","43,703","1,860,249","4,915","1,854,850",484
Excursionists,2002-06,"2,413,910","64,168","2,258,466","91,276","1,882,015","3,791","1,875,351","2,873"
Excursionists,2002-07,"2,818,585","54,528","2,655,306","108,751","2,107,877","4,331","2,102,112","1,434"
Excursionists,2002-08,"2,896,507","54,844","2,730,393","111,270","2,218,500","4,935","2,212,084","1,481"
Excursionists,2002-09,"2,104,659","37,732","1,996,140","70,787","1,797,055","4,462","1,791,874",719
Excursionists,2002-10,"1,931,574","26,027","1,899,276","6,271","1,819,471","3,281","1,816,190",0
Excursionists,2002-11,"1,783,883","21,907","1,760,876","1,100","1,634,427","3,351","1,631,076",0
Excursionists,2002-12,"1,759,911","21,442","1,738,254",215,"1,693,813","3,076","1,690,737",0
Excursionists,2003-01,"1,550,115","21,807","1,528,169",139,"1,623,079","4,701","1,618,378",0
Excursionists,2003-02,"1,399,669","20,324","1,379,195",150,"1,441,676","4,766","1,436,910",0
Excursionists,2003-03,"1,536,568","22,187","1,514,125",256,"1,633,862","5,746","1,628,116",0
Excursionists,2003-04,"1,474,290","23,646","1,448,527","2,117","1,532,300","3,871","1,528,409",20
Excursionists,2003-05,"1,786,260","29,937","1,719,233","37,090","1,814,910","3,582","1,810,796",532
Excursionists,2003-06,"2,012,706","45,413","1,891,809","75,484","1,884,596","2,974","1,878,287","3,335"
Excursionists,2003-07,"2,507,661","68,373","2,362,883","76,405","2,140,388","4,246","2,134,822","1,320"
Excursionists,2003-08,"2,523,503","65,778","2,373,688","84,037","2,233,846","4,648","2,227,595","1,603"
Excursionists,2003-09,"1,787,842","45,668","1,694,588","47,586","1,810,412","4,114","1,805,724",574
Excursionists,2003-10,"1,696,041","25,422","1,664,711","5,908","1,860,974","4,821","1,856,153",0
Excursionists,2003-11,"1,553,479","20,290","1,532,458",731,"1,783,849","4,940","1,778,909",0
Excursionists,2003-12,"1,448,909","21,995","1,426,643",271,"1,725,605","4,528","1,721,077",0
Excursionists,2004-01,"1,240,817","15,263","1,225,392",162,"1,561,200","3,218","1,557,982",0
Excursionists,2004-02,"1,333,435","17,131","1,316,134",170,"1,590,581","3,518","1,587,063",0
Excursionists,2004-03,"1,417,295","20,187","1,396,783",325,"1,840,424","4,308","1,836,116",0
Excursionists,2004-04,"1,407,716","33,043","1,372,984","1,689","1,828,999","8,002","1,820,951",46
Excursionists,2004-05,"1,691,387","39,369","1,606,618","45,400","1,946,014","6,802","1,938,474",738
Excursionists,2004-06,"1,974,486","54,305","1,830,844","89,337","1,872,477","5,126","1,864,991","2,360"
Excursionists,2004-07,"2,351,026","58,639","2,206,713","85,674","2,111,693","3,445","2,106,800","1,448"
Excursionists,2004-08,"2,222,518","56,584","2,089,336","76,598","2,122,116","3,395","2,117,329","1,392"
Excursionists,2004-09,"1,714,532","41,459","1,616,803","56,270","1,816,098","3,417","1,812,003",678
Excursionists,2004-10,"1,555,605","22,727","1,528,500","4,378","1,897,083","5,078","1,892,005",0
Excursionists,2004-11,"1,353,681","19,353","1,333,565",763,"1,799,452","5,264","1,794,188",0
Excursionists,2004-12,"1,276,108","19,086","1,256,745",277,"1,804,643","5,042","1,799,601",0
Excursionists,2005-01,"1,126,015","14,589","1,111,308",118,"1,574,419","4,832","1,569,587",0
Excursionists,2005-02,"1,129,049","15,995","1,112,840",214,"1,571,025","4,741","1,566,284",0
Excursionists,2005-03,"1,264,296","17,118","1,246,901",277,"1,889,488","5,960","1,883,528",0
Excursionists,2005-04,"1,296,340","25,820","1,268,799","1,721","1,831,367","5,832","1,825,530",5
Excursionists,2005-05,"1,516,140","34,492","1,435,792","45,856","1,930,717","5,179","1,925,166",372
Excursionists,2005-06,"1,734,315","48,996","1,596,037","89,282","1,907,432","3,878","1,901,188","2,366"
Excursionists,2005-07,"2,138,978","51,430","1,976,619","110,929","2,243,636","6,899","2,235,836",901
Excursionists,2005-08,"1,952,462","46,545","1,812,694","93,223","2,311,001","7,401","2,302,796",804
Excursionists,2005-09,"1,473,513","37,669","1,366,864","68,980","1,938,850","7,196","1,931,303",351
Excursionists,2005-10,"1,326,903","26,647","1,295,798","4,458","1,965,890","5,959","1,959,931",0
Excursionists,2005-11,"1,137,415","22,298","1,114,642",475,"1,848,263","6,052","1,842,211",0
Excursionists,2005-12,"1,168,890","22,424","1,146,318",148,"1,919,810","5,457","1,914,353",0
Excursionists,2006-01,"1,074,045","13,895","1,060,061",89,"1,775,227","6,373","1,768,854",0
Excursionists,2006-02,"987,171","14,306","972,764",101,"1,568,331","6,147","1,562,184",0
Excursionists,2006-03,"1,119,266","16,490","1,102,515",261,"1,988,350","7,829","1,980,521",0
Excursionists,2006-04,"1,187,620","22,739","1,162,649","2,232","2,036,665","6,755","2,029,893",17
Excursionists,2006-05,"1,302,030","28,816","1,235,929","37,285","2,112,391","5,657","2,106,164",570
Excursionists,2006-06,"1,501,681","38,570","1,392,800","70,311","2,016,032","4,324","2,010,220","1,488"
Excursionists,2006-07,"1,842,888","39,572","1,718,476","84,840","2,329,033","6,694","2,321,474",865
Excursionists,2006-08,"1,656,961","38,258","1,543,819","74,884","2,364,162","7,481","2,355,933",748
Excursionists,2006-09,"1,274,680","30,656","1,192,345","51,679","2,010,446","6,961","2,003,146",339
Excursionists,2006-10,"1,067,910","19,653","1,043,024","5,233","1,965,456","6,973","1,958,483",0
Excursionists,2006-11,"976,036","15,818","959,765",453,"1,955,266","7,364","1,947,902",0
Excursionists,2006-12,"1,026,918","15,628","1,011,019",271,"2,059,760","6,874","2,052,886",0
Excursionists,2007-01,"826,123","13,526","812,487",110,"1,715,519","6,991","1,708,528",0
Excursionists,2007-02,"734,309","13,119","721,105",85,"1,492,048","6,447","1,485,601",0
Excursionists,2007-03,"890,371","15,189","874,922",260,"1,936,204","8,377","1,927,827",0
Excursionists,2007-04,"923,116","17,132","904,033","1,951","1,918,729","4,514","1,914,206",9
Excursionists,2007-05,"1,103,154","24,182","1,045,590","33,382","2,060,490","3,930","2,055,961",599
Excursionists,2007-06,"1,306,720","33,456","1,205,346","67,918","2,054,518","2,953","2,049,517","2,048"
Excursionists,2007-07,"1,547,984","32,682","1,440,032","75,270","2,329,890","3,345","2,325,895",650
Excursionists,2007-08,"1,469,394","32,357","1,362,998","74,039","2,429,622","3,799","2,425,290",533
Excursionists,2007-09,"1,106,163","24,797","1,030,005","51,361","2,157,262","3,547","2,153,480",235
Excursionists,2007-10,"899,180","16,295","876,737","6,148","2,335,175","4,093","2,331,082",0
Excursionists,2007-11,"762,365","12,744","749,121",500,"2,328,600","4,347","2,324,253",0
Excursionists,2007-12,"750,477","12,373","737,940",164,"2,123,121","3,971","2,119,150",0
Excursionists,2008-01,"659,733","13,502","646,163",68,"1,859,709","6,444","1,853,265",0
Excursionists,2008-02,"602,527","13,364","589,082",81,"1,718,603","6,382","1,712,221",0
Excursionists,2008-03,"681,200","14,818","666,272",110,"2,108,775","7,792","2,100,983",0
Excursionists,2008-04,"712,311","14,471","693,178","4,662","2,064,853","6,733","2,058,113",7
Excursionists,2008-05,"903,538","18,101","846,685","38,752","2,290,959","5,637","2,284,622",700
Excursionists,2008-06,"1,037,418","23,824","950,088","63,506","2,180,499","4,258","2,174,770","1,471"
Excursionists,2008-07,"1,236,036","29,447","1,141,392","65,197","2,430,187","3,492","2,425,823",872
Excursionists,2008-08,"1,256,875","27,403","1,162,138","67,334","2,644,932","3,813","2,640,132",987
Excursionists,2008-09,"849,594","20,858","787,752","40,984","2,031,844","3,243","2,027,936",665
Excursionists,2008-10,"795,803","15,313","773,413","7,077","1,946,046","8,006","1,938,040",0
Excursionists,2008-11,"710,271","11,789","697,988",494,"1,779,335","8,396","1,770,939",0
Excursionists,2008-12,"656,459","12,346","643,932",181,"1,647,293","8,071","1,639,222",0
Excursionists,2009-01,"605,608","10,888","594,664",56,"1,445,087","6,380","1,438,707",0
Excursionists,2009-02,"588,630","10,791","577,748",91,"1,436,300","6,345","1,429,955",0
Excursionists,2009-03,"677,286","12,101","665,003",182,"1,679,512","7,632","1,671,880",0
Excursionists,2009-04,"719,315","14,248","703,260","1,807","1,674,959","4,599","1,670,125",235
Excursionists,2009-05,"913,356","17,371","845,016","50,969","1,901,285","3,754","1,896,915",616
Excursionists,2009-06,"790,101","23,439","688,433","78,229","1,599,567","2,935","1,594,669","1,963"
Excursionists,2009-07,"975,796","25,993","876,400","73,403","1,871,569","2,497","1,868,937",135
Excursionists,2009-08,"1,012,562","24,355","914,496","73,711","2,169,320","3,071","2,165,977",272
Excursionists,2009-09,"772,933","18,772","704,541","49,620","1,839,292","2,614","1,836,633",45
Excursionists,2009-10,"646,682","13,130","631,500","2,052","1,876,126","6,132","1,869,994",0
Excursionists,2009-11,"576,159","10,747","565,062",350,"1,872,558","6,301","1,866,257",0
Excursionists,2009-12,"579,947","11,329","568,527",91,"1,915,099","6,316","1,908,783",0
Excursionists,2010-01,"591,733","11,431","580,267",35,"1,774,573","6,337","1,768,236",0
Excursionists,2010-02,"608,812","12,812","595,905",95,"1,607,619","6,055","1,601,564",0
Excursionists,2010-03,"633,065","14,700","618,189",176,"2,120,970","7,419","2,113,551",0
Excursionists,2010-04,"675,977","15,414","659,030","1,533","2,179,414","4,807","2,174,491",116
Excursionists,2010-05,"807,821","18,700","763,426","25,695","2,288,994","4,344","2,283,740",910
Excursionists,2010-06,"929,325","26,117","855,577","47,631","2,159,235","3,387","2,153,745","2,103"
Excursionists,2010-07,"1,133,822","26,076","1,031,310","76,436","2,562,559","3,043","2,559,418",98
Excursionists,2010-08,"1,102,284","24,500","1,011,924","65,860","2,669,602","3,372","2,666,220",10
Excursionists,2010-09,"843,813","18,976","780,151","44,686","2,253,684","3,065","2,250,617",2
Excursionists,2010-10,"736,527","13,601","720,328","2,598","2,372,835","6,511","2,366,324",0
Excursionists,2010-11,"615,078","11,368","603,376",334,"2,287,673","6,602","2,281,071",0
Excursionists,2010-12,"616,457","11,214","605,165",78,"2,469,214","6,332","2,462,882",0
Excursionists,2011-01,"536,468","11,483","524,937",48,"2,106,507","5,512","2,100,995",0
Excursionists,2011-02,"502,053","11,465","490,531",57,"1,960,675","5,232","1,955,443",0
Excursionists,2011-03,"575,122","13,876","561,142",104,"2,485,825","6,656","2,479,169",0
Excursionists,2011-04,"628,297","14,560","613,065",672,"2,634,262","5,035","2,629,010",217
Excursionists,2011-05,"755,750","19,662","713,747","22,341","2,767,052","4,359","2,761,724",969
Excursionists,2011-06,"902,312","26,178","826,784","49,350","2,674,397","3,448","2,669,610","1,339"
Excursionists,2011-07,"1,146,628","36,619","1,014,701","95,308","3,034,276","3,532","3,030,645",99
Excursionists,2011-08,"1,076,752","32,985","961,647","82,120","3,161,149","3,885","3,157,177",87
Excursionists,2011-09,"824,197","28,640","741,160","54,397","2,657,186","3,496","2,653,649",41
Excursionists,2011-10,"714,468","26,396","683,958","4,114","2,675,887","5,226","2,670,661",0
Excursionists,2011-11,"623,322","21,379","601,215",728,"2,544,578","5,270","2,539,308",0
Excursionists,2011-12,"661,155","24,246","636,694",215,"2,763,540","4,912","2,758,628",0
Excursionists,2012-01,"548,934","13,435","535,426",73,"2,241,903","6,905","2,234,998",0
Excursionists,2012-02,"551,432","14,051","537,302",79,"2,313,411","6,700","2,306,711",0
Excursionists,2012-03,"601,369","15,763","584,846",760,"2,754,527","8,117","2,746,410",0
Excursionists,2012-04,"642,947","16,306","624,456","2,185","2,766,693","4,664","2,761,972",57
Excursionists,2012-05,"777,890","20,498","728,745","28,647","2,815,624","3,841","2,810,733","1,050"
Excursionists,2012-06,"928,272","27,062","831,786","69,424","2,758,840","3,175","2,753,028","2,637"
Excursionists,2012-07,"1,092,926","21,188","967,602","104,136","3,093,861","3,121","3,090,731",9
Excursionists,2012-08,"1,051,003","21,128","929,682","100,193","3,246,625","3,458","3,243,158",9
Excursionists,2012-09,"796,361","17,354","716,127","62,880","2,816,633","3,079","2,813,550",4
Excursionists,2012-10,"650,071","18,722","626,545","4,804","2,689,081","6,676","2,682,405",0
Excursionists,2012-11,"583,841","14,389","568,386","1,066","2,615,019","6,840","2,608,179",0
Excursionists,2012-12,"607,187","16,626","590,278",283,"2,799,163","6,689","2,792,474",0
Excursionists,2013-01,"546,644","35,887","510,684",73,"2,375,954","6,466","2,369,488",0
Excursionists,2013-02,"498,684","36,628","462,014",42,"2,263,139","6,316","2,256,823",0
Excursionists,2013-03,"604,049","45,232","558,622",195,"2,794,021","8,011","2,786,010",0
Excursionists,2013-04,"618,087","58,371","556,987","2,729","2,625,210","2,017","2,623,179",14
Excursionists,2013-05,"798,321","79,245","676,592","42,484","2,836,647","1,691","2,833,637","1,319"
Excursionists,2013-06,"985,456","106,794","790,473","88,189","2,839,835","1,381","2,835,921","2,533"
Excursionists,2013-07,"1,095,902","96,364","908,545","90,993","3,137,274","3,947","3,133,327",0
Excursionists,2013-08,"1,100,444","89,019","919,529","91,896","3,260,529","4,446","3,256,083",0
Excursionists,2013-09,"802,908","70,286","683,046","49,576","2,731,311","3,923","2,727,388",0
Excursionists,2013-10,"702,130","57,697","638,683","5,750","2,683,687","2,409","2,681,278",0
Excursionists,2013-11,"599,471","45,015","553,491",965,"2,624,536","2,496","2,622,040",0
Excursionists,2013-12,"605,609","54,339","551,016",254,"2,629,195","2,462","2,626,733",0
Excursionists,2014-01,"503,421","40,397","462,977",47,"2,176,486","5,016","2,171,470",0
Excursionists,2014-02,"482,111","40,554","441,495",62,"1,989,851","5,099","1,984,752",0
Excursionists,2014-03,"560,050","49,374","510,470",206,"2,452,115","6,187","2,445,928",0
Excursionists,2014-04,"628,325","67,657","557,245","3,423","2,518,084","2,005","2,516,074",5
Excursionists,2014-05,"804,024","93,589","667,924","42,511","2,713,071","1,804","2,710,038","1,229"
Excursionists,2014-06,"981,892","124,078","780,762","77,052","2,689,582","1,428","2,684,998","3,156"
Excursionists,2014-07,"1,073,282","112,081","887,462","73,739","2,922,615","3,633","2,918,976",6
Excursionists,2014-08,"1,094,488","101,591","915,851","77,046","3,081,777","4,208","3,077,561",8
Excursionists,2014-09,"785,220","82,254","659,285","43,681","2,526,116","3,656","2,522,457",3
Excursionists,2014-10,"698,255","60,979","632,983","4,293","2,454,942",96,"2,454,846",0
Excursionists,2014-11,"579,649","45,959","532,405","1,285","2,291,138",114,"2,291,024",0
Excursionists,2014-12,"631,514","55,500","575,750",264,"2,394,957",95,"2,394,862",0
Excursionists,2015-01,"541,506","42,051","499,364",91,"1,862,624","3,041","1,859,583",0
Excursionists,2015-02,"495,370","43,539","451,659",172,"1,603,824","2,979","1,600,843",2
Excursionists,2015-03,"589,370","53,399","535,444",527,"1,988,749","3,582","1,985,145",22
Excursionists,2015-04,"645,210","55,408","582,477","7,325","1,991,990","2,772","1,989,212",6
Excursionists,2015-05,"849,992","75,231","716,942","57,819","2,231,143","2,247","2,227,909",987
Excursionists,2015-06,"1,035,560","101,114","839,057","95,389","2,155,507","1,709","2,152,251","1,547"
Excursionists,2015-07,"1,171,279","82,983","986,850","101,446","2,355,426","3,121","2,352,234",71
Excursionists,2015-08,"1,141,701","75,739","970,023","95,939","2,261,131","3,558","2,257,558",15
Excursionists,2015-09,"871,658","58,769","755,302","57,587","1,857,636","3,136","1,854,491",9
Excursionists,2015-10,"736,521","49,287","682,180","5,054","1,842,199",372,"1,841,827",0
Excursionists,2015-11,"635,033","38,501","594,877","1,655","1,750,943",425,"1,750,518",0
Excursionists,2015-12,"675,824","45,565","629,877",382,"1,804,077",359,"1,803,718",0
Excursionists,2016-01,"608,983","35,364","573,498",121,"1,566,768","3,196","1,563,572",0
Excursionists,2016-02,"582,510","41,915","540,391",204,"1,346,317","3,191","1,343,126",0
Excursionists,2016-03,"658,049","48,316","608,478","1,255","1,672,036","3,823","1,668,213",0
Excursionists,2016-04,"701,780","58,322","633,269","10,189","1,726,635","3,915","1,722,124",596
Excursionists,2016-05,"892,448","78,197","756,913","57,338","1,930,996","3,455","1,925,307","2,234"
Excursionists,2016-06,"1,073,123","108,459","872,951","91,713","1,901,623","2,742","1,896,224","2,657"
Excursionists,2016-07,"1,278,296","104,278","1,070,371","103,647","2,174,978","4,114","2,170,844",20
Excursionists,2016-08,"1,161,961","89,681","985,919","86,361","2,228,507","4,790","2,223,617",100
Excursionists,2016-09,"927,872","76,667","790,641","60,564","1,886,864","4,074","1,882,785",5
Excursionists,2016-10,"774,147","57,929","710,354","5,864","1,861,438","1,052","1,860,386",0
Excursionists,2016-11,"663,166","44,658","616,509","1,999","1,670,278",988,"1,669,290",0
Excursionists,2016-12,"681,250","53,046","627,931",273,"1,735,196",935,"1,734,261",0
Excursionists,2017-01,"597,931","41,138","556,681",112,"1,576,524","4,815","1,571,709",0
Excursionists,2017-02,"551,430","41,324","509,833",273,"1,425,852","4,318","1,421,534",0
Excursionists,2017-03,"619,757","51,961","567,326",470,"1,643,749","5,617","1,638,132",0
Excursionists,2017-04,"733,540","67,471","656,203","9,866","1,761,767","4,169","1,757,174",424
Excursionists,2017-05,"872,408","83,104","736,754","52,550","1,764,258","3,267","1,759,627","1,364"
Excursionists,2017-06,"1,101,209","124,337","881,055","95,817","1,797,969","3,199","1,793,087","1,683"
Excursionists,2017-07,"1,294,869","113,299","1,085,788","95,782","2,128,099","4,936","2,123,157",6
Excursionists,2017-08,"1,203,594","104,571","1,013,731","85,292","2,265,169","5,409","2,259,752",8
Excursionists,2017-09,"953,944","81,942","807,108","64,894","1,966,755","4,897","1,961,854",4
Excursionists,2017-10,"765,310","63,857","699,347","2,106","1,892,175",847,"1,891,328",0
Excursionists,2017-11,"666,326","51,842","614,329",155,"1,789,210",804,"1,788,406",0
Excursionists,2017-12,"693,019","53,077","639,925",17,"1,889,959",764,"1,889,195",0
Excursionists,2018-01,"576,053","44,665","531,330",58,"1,636,190","5,277","1,630,913",0
Excursionists,2018-02,"543,158","45,253","497,807",98,"1,546,823","5,138","1,541,685",0
Excursionists,2018-03,"669,056","55,879","612,967",210,"2,003,464","6,342","1,997,118",4
Excursionists,2018-04,"664,228","70,916","591,386","1,926","1,894,402","4,690","1,889,393",319
Excursionists,2018-05,"820,880","86,805","717,152","16,923","2,133,717","4,002","2,128,426","1,289"
Excursionists,2018-06,"1,070,007","127,611","906,218","36,178","2,040,788","3,330","2,035,659","1,799"
Excursionists,2018-07,"1,281,341","107,189","1,080,843","93,309","2,132,595","4,956","2,127,632",7
Excursionists,2018-08,"1,234,692","100,342","1,037,245","97,105","2,216,342","5,571","2,210,764",7
Excursionists,2018-09,"955,530","79,248","807,568","68,714","1,889,871","5,250","1,884,618",3
Excursionists,2018-10,"763,655","61,049","700,599","2,007","1,896,556",913,"1,895,643",0
Excursionists,2018-11,"665,443","50,108","615,109",226,"1,679,007",861,"1,678,146",0
Excursionists,2018-12,"728,044","50,779","677,248",17,"1,829,971",850,"1,829,121",0
Excursionists,2019-01,"559,426","32,223","527,130",73,"1,586,545","113,369","1,473,128",48
Excursionists,2019-02,"517,882","30,105","487,736",41,"1,505,088","110,419","1,394,630",39
Excursionists,2019-03,"660,124","40,115","618,889","1,120","1,990,343","135,675","1,854,570",98
Excursionists,2019-04,"691,862","46,418","643,684","1,760","1,958,111","115,726","1,842,143",242
Excursionists,2019-05,"860,196","40,465","790,836","28,895","2,043,702","77,551","1,965,330",821
Excursionists,2019-06,"1,101,393","63,108","973,757","64,528","1,978,577","52,698","1,923,757","2,122"
Excursionists,2019-07,"1,273,789","60,623","1,138,688","74,478","2,230,614","62,771","2,162,009","5,834"
Excursionists,2019-08,"1,225,123","45,624","1,120,740","58,759","2,331,372","65,865","2,256,347","9,160"
Excursionists,2019-09,"904,723","39,180","819,898","45,645","1,922,684","59,766","1,859,401","3,517"
Excursionists,2019-10,"761,927","35,874","723,802","2,251","1,915,920","78,043","1,837,040",837
Excursionists,2019-11,"680,257","34,231","645,599",427,"1,784,230","80,692","1,703,413",125
Excursionists,2019-12,"716,408","34,804","681,465",139,"1,846,609","72,918","1,773,650",41
Excursionists,2020-01,"580,959","28,669","552,240",50,"1,567,128","89,701","1,477,393",34
Excursionists,2020-02,"581,324","26,232","555,030",62,"1,622,425","85,105","1,537,269",51
Excursionists,2020-03,"302,382","15,171","287,153",58,"889,386","66,859","822,407",120
Excursionists,2020-04,"41,425","1,160","40,253",12,"109,848","2,382","107,454",12
Excursionists,2020-05,"55,647","1,142","54,479",26,"139,634","1,772","137,819",43
Excursionists,2020-06,"69,409","1,584","67,665",160,"170,800","2,253","168,454",93
Excursionists,2020-07,"72,954","1,853","70,875",226,"180,503","2,476","177,825",202
Excursionists,2020-08,"75,848","2,024","73,654",170,"189,475","5,163","184,075",237
Excursionists,2020-09,"76,033","1,895","74,011",127,"195,464","3,294","191,988",182
Excursionists,2020-10,"75,787","1,767","73,944",76,"204,827","6,515","198,224",88
Excursionists,2020-11,"64,189","1,547","62,607",35,"178,781","7,939","170,780",62
Excursionists,2020-12,"65,814","1,675","64,126",13,"186,151","7,792","178,321",38
Excursionists,2021-01,"60,156","1,790","58,361",5,"172,953","9,137","163,785",31
Excursionists,2021-02,"56,151",887,"55,249",15,"164,157","4,287","159,823",47
Excursionists,2021-03,"71,418",817,"70,572",29,"206,146","3,388","202,704",54
Excursionists,2021-04,"69,200","1,073","68,055",72,"201,057","4,372","196,608",77
Excursionists,2021-05,"77,562","1,151","76,246",165,"216,754","5,875","210,707",172
Excursionists,2021-06,"83,150","1,680","81,289",181,"225,725","3,514","221,963",248
Excursionists,2021-07,"85,990","2,333","83,538",119,"230,153","5,389","224,523",241
Excursionists,2021-08,"135,251","4,045","131,024",182,"241,471","6,678","234,691",102
Excursionists,2021-09,"142,365","4,481","137,690",194,"237,978","6,891","231,025",62
Excursionists,2021-10,"146,478","4,265","142,130",83,"247,873","10,042","237,691",140
Excursionists,2021-11,"135,880","3,833","132,015",32,"288,457","11,020","277,375",62
Excursionists,2021-12,"138,975","3,581","135,341",53,"518,736","11,828","506,869",39
Excursionists,2022-01,"83,964","2,873","81,080",11,"253,958","11,022","242,924",12
Excursionists,2022-02,"99,005","2,799","96,187",19,"255,626","9,473","246,135",18
Excursionists,2022-03,"137,610","3,957","133,607",46,"389,978","14,869","375,064",45
Excursionists,2022-04,"273,435","5,805","256,763","10,867","835,497","16,135","814,715","4,647"
Excursionists,2022-05,"410,949","7,991","309,305","93,653","954,438","15,708","926,163","12,567"
Excursionists,2022-06,"577,225","18,744","392,562","165,919","983,878","16,463","955,837","11,578"
Excursionists,2022-07,"710,236","16,211","488,990","205,035","1,123,005","16,642","1,084,152","22,211"
Excursionists,2022-08,"659,568","12,322","455,910","191,336","1,186,703","17,326","1,143,914","25,463"
Excursionists,2022-09,"540,658","11,012","381,378","148,268","1,042,322","17,693","1,001,452","23,177"
Excursionists,2022-10,"544,051","9,539","483,021","51,491","1,232,950","19,486","1,200,942","12,522"
Excursionists,2022-11,"416,642","8,522","406,795","1,325","1,103,823","24,462","1,074,075","5,286"
Excursionists,2022-12,"419,074","8,985","409,069","1,020","1,097,867","35,385","1,060,155","2,327"
Excursionists,2023-01,"388,638","6,970","381,219",449,"1,074,158","24,004","1,048,420","1,734"
Excursionists,2023-02,"370,801","6,982","363,432",387,"1,029,986","23,263","1,004,864","1,859"
Excursionists,2023-03,"426,067","7,627","417,635",805,"1,247,277","28,180","1,216,294","2,803"
Excursionists,2023-04,"521,711","9,930","495,184","16,597","1,269,990","24,324","1,238,985","6,681"
Excursionists,2023-05,"776,593","14,014","600,020","162,559","1,417,440","19,998","1,355,071","42,371"
Excursionists,2023-06,"1,025,639","26,950","724,078","274,611","1,433,769","20,617","1,387,082","26,070"
Excursionists,2023-07,"1,175,637","19,416","877,248","278,973","1,729,240","21,790","1,673,866","33,584"
Excursionists,2023-08,"1,100,269","15,341","824,282","260,646","1,815,351","17,260","1,755,760","42,331"
Excursionists,2023-09,"902,041","12,849","666,017","223,175","1,529,385","19,592","1,470,062","39,731"
Excursionists,2023-10,"650,256","10,901","573,613","65,742","1,480,426","20,208","1,444,017","16,201"
Excursionists,2023-11,"506,243","8,638","496,321","1,284","1,362,556","20,458","1,338,528","3,570"
Excursionists,2023-12,"577,101","9,116","564,747","3,238","1,450,440","19,527","1,426,906","4,007"
Excursionists,2024-01,"404,993","7,524","396,918",551,"1,199,615","21,697","1,175,791","2,127"
Excursionists,2024-02,"468,241","7,742","459,758",741,"1,284,892","19,974","1,262,112","2,806"
Excursionists,2024-03,"535,805","8,775","524,571","2,459","1,556,258","22,590","1,529,197","4,471"
Excursionists,2024-04,"596,206","11,565","555,282","29,359","1,484,349","20,792","1,453,036","10,521"
Excursionists,2024-05,"884,688","15,868","683,855","184,965","1,654,605","19,970","1,592,682","41,953"
Excursionists,2024-06,"1,141,314","26,612","833,911","280,791","1,584,525","26,876","1,530,332","27,317"
Excursionists,2024-07,"1,260,519","19,673","945,056","295,790","1,824,156","31,061","1,762,445","30,650"
Excursionists,2024-08,"1,225,344","15,425","911,307","298,612","1,953,379","30,711","1,879,058","43,610"
Excursionists,2024-09,"955,149","15,300","693,678","246,171","1,650,530","29,958","1,578,664","41,908"
Excursionists,2024-10,"696,357","11,913","623,333","61,111","1,589,648","23,153","1,554,061","12,434"
Excursionists,2024-11,"595,500","9,470","584,200","1,830","1,496,142","17,857","1,474,004","4,281"
Excursionists,2024-12,"616,522","9,759","604,533","2,230","1,495,633","19,096","1,472,402","4,135"
Excursionists,2025-01,"493,935","8,766","484,773",396,"1,260,371","19,154","1,239,887","1,330"
Tourists,2000-01,"576,158","193,838","382,087",233,"937,669","466,608","470,781",280
Tourists,2000-02,"734,096","230,484","503,460",152,"933,472","511,674","421,624",174
Tourists,2000-03,"788,426","255,104","533,018",304,"1,383,065","617,201","765,507",357
Tourists,2000-04,"908,557","256,054","651,173","1,330","1,362,891","525,636","835,998","1,257"
Tourists,2000-05,"1,256,883","315,596","899,527","41,760","1,257,535","460,820","776,880","19,835"
Tourists,2000-06,"1,843,742","436,876","1,332,341","74,525","1,081,729","354,332","712,246","15,151"
Tourists,2000-07,"2,514,257","486,797","1,929,059","98,401","1,731,130","347,612","1,352,378","31,140"
Tourists,2000-08,"2,382,133","467,064","1,814,794","100,275","1,800,095","400,634","1,371,073","28,388"
Tourists,2000-09,"1,567,783","365,557","1,128,444","73,782","1,229,648","370,952","838,911","19,785"
Tourists,2000-10,"1,010,492","305,028","693,762","11,702","1,147,971","446,812","697,576","3,583"
Tourists,2000-11,"755,822","248,126","507,460",236,"969,184","468,549","499,999",636
Tourists,2000-12,"850,621","274,708","575,671",242,"832,611","401,600","430,871",140
Tourists,2001-01,"619,069","213,624","405,325",120,"995,501","499,494","495,804",203
Tourists,2001-02,"751,143","226,589","524,386",168,"873,818","479,652","393,984",182
Tourists,2001-03,"849,818","258,521","590,966",331,"1,324,802","592,362","732,022",418
Tourists,2001-04,"948,842","271,595","673,932","3,315","1,300,194","497,139","802,069",986
Tourists,2001-05,"1,335,112","336,737","954,287","44,088","1,201,875","430,710","748,749","22,416"
Tourists,2001-06,"1,968,385","465,552","1,421,059","81,774","1,054,186","331,770","706,445","15,971"
Tourists,2001-07,"2,573,644","502,359","1,970,179","101,106","1,675,336","340,756","1,303,936","30,644"
Tourists,2001-08,"2,687,343","508,182","2,079,838","99,323","1,752,515","369,305","1,352,937","30,273"
Tourists,2001-09,"1,293,644","268,715","951,381","73,548","999,361","212,208","759,759","27,394"
Tourists,2001-10,"922,331","266,211","621,102","35,018","863,479","306,913","549,224","7,342"
Tourists,2001-11,"734,758","205,295","529,260",203,"759,490","309,900","449,063",527
Tourists,2001-12,"886,125","258,801","627,083",241,"726,370","284,664","441,586",120
Tourists,2002-01,"609,544","196,273","413,144",127,"828,134","375,358","452,598",178
Tourists,2002-02,"778,207","212,119","565,940",148,"762,028","376,437","385,428",163
Tourists,2002-03,"905,852","249,141","656,409",302,"1,218,383","460,611","757,338",434
Tourists,2002-04,"883,108","238,512","642,461","2,135","1,105,711","409,802","694,621","1,288"
Tourists,2002-05,"1,351,861","312,928","1,000,522","38,411","1,102,359","360,945","723,306","18,108"
Tourists,2002-06,"1,921,046","433,226","1,414,484","73,336","1,009,878","276,390","711,604","21,884"
Tourists,2002-07,"2,690,921","511,388","2,070,077","109,456","1,520,851","278,868","1,211,064","30,919"
Tourists,2002-08,"2,808,101","503,581","2,198,132","106,388","1,675,807","323,719","1,320,235","31,853"
Tourists,2002-09,"1,420,168","334,233","1,002,450","83,485","1,144,492","282,882","834,065","27,545"
Tourists,2002-10,"1,084,329","292,505","757,413","34,411","1,001,179","347,088","645,058","9,033"
Tourists,2002-11,"791,844","225,161","566,255",428,"818,992","353,463","465,050",479
Tourists,2002-12,"922,238","280,539","641,479",220,"836,539","335,313","501,089",137
Tourists,2003-01,"654,497","198,932","455,396",169,"865,217","406,662","458,344",211
Tourists,2003-02,"743,109","209,508","533,391",210,"772,230","402,552","369,534",144
Tourists,2003-03,"742,204","231,549","510,342",313,"1,145,924","470,912","674,786",226
Tourists,2003-04,"731,075","197,730","530,482","2,863","981,729","371,670","609,055","1,004"
Tourists,2003-05,"1,068,063","248,324","778,975","40,764","1,006,245","339,636","646,108","20,501"
Tourists,2003-06,"1,618,914","404,022","1,136,716","78,176","1,007,472","276,006","711,418","20,048"
Tourists,2003-07,"2,310,697","479,354","1,705,510","125,833","1,446,539","280,771","1,136,907","28,861"
Tourists,2003-08,"2,465,850","446,145","1,871,507","148,198","1,682,939","312,793","1,337,198","32,948"
Tourists,2003-09,"1,273,662","306,817","856,813","110,032","1,049,824","272,693","750,494","26,637"
Tourists,2003-10,"1,031,166","283,262","711,287","36,617","1,001,651","338,686","659,507","3,458"
Tourists,2003-11,"717,638","220,944","496,429",265,"897,733","360,257","537,164",312
Tourists,2003-12,"875,526","275,483","599,814",229,"808,233","340,668","467,431",134
Tourists,2004-01,"592,764","185,630","406,983",151,"860,017","399,160","460,657",200
Tourists,2004-02,"711,206","207,890","503,094",222,"885,837","440,113","445,523",201
Tourists,2004-03,"759,710","255,082","504,305",323,"1,303,397","524,633","778,469",295
Tourists,2004-04,"895,691","259,575","633,806","2,310","1,225,538","450,699","773,787","1,052"
Tourists,2004-05,"1,214,201","305,652","868,237","40,312","1,201,765","389,296","787,815","24,654"
Tourists,2004-06,"1,741,534","437,394","1,207,567","96,573","988,599","287,612","685,677","15,310"
Tourists,2004-07,"2,625,523","538,077","1,933,892","153,554","1,551,277","305,701","1,216,973","28,603"
Tourists,2004-08,"2,384,515","533,600","1,704,532","146,383","1,712,838","297,293","1,387,538","28,007"
Tourists,2004-09,"1,506,938","360,435","1,024,303","122,200","1,140,020","303,993","803,438","32,589"
Tourists,2004-10,"1,049,461","310,467","702,903","36,091","1,111,200","388,194","719,493","3,513"
Tourists,2004-11,"722,984","248,808","473,913",263,"976,886","401,525","575,046",315
Tourists,2004-12,"882,981","289,183","593,583",215,"899,143","395,172","503,799",172
Tourists,2005-01,"585,330","213,710","371,328",292,"974,478","477,801","496,504",173
Tourists,2005-02,"725,730","237,651","487,833",246,"922,449","466,579","455,620",250
Tourists,2005-03,"789,600","258,478","530,777",345,"1,485,931","586,264","899,231",436
Tourists,2005-04,"810,954","248,498","561,067","1,389","1,249,696","506,982","741,798",916
Tourists,2005-05,"1,161,796","308,406","808,249","45,141","1,306,484","445,289","834,584","26,611"
Tourists,2005-06,"1,750,683","469,390","1,191,753","89,540","1,061,147","321,227","725,000","14,920"
Tourists,2005-07,"2,514,513","527,730","1,830,947","155,836","1,731,528","341,139","1,358,822","31,567"
Tourists,2005-08,"2,167,280","462,024","1,569,072","136,184","1,856,433","375,911","1,453,286","27,236"
Tourists,2005-09,"1,418,618","370,556","926,034","122,028","1,214,438","351,024","840,253","23,161"
Tourists,2005-10,"939,982","302,024","609,032","28,926","1,138,687","421,013","714,324","3,350"
Tourists,2005-11,"689,243","241,173","447,867",203,"1,028,686","431,134","597,222",330
Tourists,2005-12,"836,967","275,726","561,034",207,"892,139","395,609","496,347",183
Tourists,2006-01,"555,207","197,728","357,363",116,"1,082,404","519,321","562,886",197
Tourists,2006-02,"632,462","208,719","423,614",129,"952,563","498,600","453,788",175
Tourists,2006-03,"722,212","247,667","474,333",212,"1,494,858","635,505","859,025",328
Tourists,2006-04,"831,343","258,109","570,890","2,344","1,442,734","542,168","898,528","2,038"
Tourists,2006-05,"1,149,851","340,534","753,780","55,537","1,338,805","457,025","857,337","24,443"
Tourists,2006-06,"1,725,335","476,605","1,141,685","107,045","1,106,545","342,812","746,954","16,779"
Tourists,2006-07,"2,294,960","503,151","1,636,532","155,277","1,863,065","365,039","1,467,771","30,255"
Tourists,2006-08,"2,111,749","470,084","1,497,881","143,784","2,003,643","410,177","1,564,876","28,590"
Tourists,2006-09,"1,373,629","364,181","891,797","117,651","1,316,822","382,177","908,794","25,851"
Tourists,2006-10,"923,904","295,218","583,249","45,437","1,242,003","451,454","786,492","4,057"
Tourists,2006-11,"681,900","237,562","444,181",157,"1,142,238","471,968","670,042",228
Tourists,2006-12,"852,916","281,639","571,092",185,"1,006,562","444,774","561,667",121
Tourists,2007-01,"527,840","196,856","330,906",78,"1,161,856","562,576","599,134",146
Tourists,2007-02,"587,750","205,627","382,019",104,"969,334","513,612","455,555",167
Tourists,2007-03,"673,767","238,175","435,399",193,"1,566,307","655,019","911,048",240
Tourists,2007-04,"732,196","236,787","492,211","3,198","1,490,214","569,321","919,383","1,510"
Tourists,2007-05,"1,132,105","333,565","730,986","67,554","1,400,548","485,339","885,688","29,521"
Tourists,2007-06,"1,727,487","460,084","1,139,816","127,587","1,202,027","361,072","818,840","22,115"
Tourists,2007-07,"2,127,742","489,639","1,488,857","149,246","1,983,830","388,715","1,561,898","33,217"
Tourists,2007-08,"2,142,290","469,365","1,522,488","150,437","2,263,414","447,060","1,782,132","34,222"
Tourists,2007-09,"1,332,687","356,631","840,043","136,013","1,554,529","413,940","1,105,457","35,132"
Tourists,2007-10,"941,148","298,981","587,224","54,943","1,469,376","485,490","976,403","7,483"
Tourists,2007-11,"675,532","229,260","445,997",275,"1,483,068","517,843","964,889",336
Tourists,2007-12,"774,657","265,951","508,481",225,"1,215,068","482,853","732,041",174
Tourists,2008-01,"502,746","185,280","317,391",75,"1,312,317","613,536","698,614",167
Tourists,2008-02,"572,207","197,549","374,562",96,"1,200,705","612,227","588,235",243
Tourists,2008-03,"652,129","229,203","422,701",225,"1,980,646","743,475","1,236,666",505
Tourists,2008-04,"685,972","242,766","435,841","7,365","1,584,374","650,330","930,642","3,402"
Tourists,2008-05,"1,100,707","316,987","716,169","67,551","1,615,931","541,685","1,044,560","29,686"
Tourists,2008-06,"1,517,447","429,780","990,033","97,634","1,383,202","399,541","962,741","20,920"
Tourists,2008-07,"2,027,087","476,052","1,400,267","150,768","2,025,636","429,277","1,563,062","33,297"
Tourists,2008-08,"2,057,421","435,750","1,460,237","161,434","2,564,386","478,010","2,044,932","41,444"
Tourists,2008-09,"1,138,513","320,143","662,645","155,725","1,477,271","405,401","1,034,385","37,485"
Tourists,2008-10,"874,190","275,654","556,620","41,916","1,390,646","482,721","904,047","3,878"
Tourists,2008-11,"624,941","212,754","412,049",138,"1,300,429","509,838","790,217",374
Tourists,2008-12,"750,520","268,695","481,736",89,"1,074,667","481,779","592,770",118
Tourists,2009-01,"485,387","172,516","312,804",67,"1,148,003","563,250","584,634",119
Tourists,2009-02,"532,032","179,756","352,146",130,"1,095,938","555,823","539,909",206
Tourists,2009-03,"577,361","197,503","379,691",167,"1,718,287","678,957","1,039,051",279
Tourists,2009-04,"717,462","213,929","501,368","2,165","1,572,227","600,634","970,341","1,252"
Tourists,2009-05,"1,059,865","267,608","723,311","68,946","1,521,247","479,398","1,006,796","35,053"
Tourists,2009-06,"1,357,252","377,849","867,148","112,255","1,198,657","355,211","818,128","25,318"
Tourists,2009-07,"1,919,399","453,549","1,322,693","143,157","1,859,121","395,438","1,426,656","37,027"
Tourists,2009-08,"1,769,528","393,749","1,228,528","147,251","2,420,516","497,222","1,880,046","43,248"
Tourists,2009-09,"1,174,942","314,625","718,670","141,647","1,519,049","421,781","1,058,323","38,945"
Tourists,2009-10,"814,524","254,872","514,531","45,121","1,379,511","504,411","870,566","4,534"
Tourists,2009-11,"552,310","200,067","350,360","1,883","1,366,818","524,056","842,288",474
Tourists,2009-12,"707,171","253,661","453,324",186,"1,174,100","522,111","651,812",177
Tourists,2010-01,"453,589","167,074","286,423",92,"1,317,763","631,860","685,774",129
Tourists,2010-02,"543,264","189,106","353,949",209,"1,197,624","604,099","593,269",256
Tourists,2010-03,"587,924","218,197","369,541",186,"1,866,537","745,843","1,120,368",326
Tourists,2010-04,"689,321","225,643","460,069","3,609","1,788,566","694,743","1,091,888","1,935"
Tourists,2010-05,"978,955","273,232","643,986","61,737","1,791,187","593,098","1,173,686","24,403"
Tourists,2010-06,"1,428,135","412,789","897,805","117,541","1,364,219","440,953","906,978","16,288"
Tourists,2010-07,"2,032,056","461,080","1,428,322","142,654","2,183,318","473,246","1,676,764","33,308"
Tourists,2010-08,"1,767,173","413,470","1,218,648","135,055","2,643,662","533,275","2,072,952","37,435"
Tourists,2010-09,"1,201,021","330,444","735,848","134,729","1,648,777","478,043","1,137,099","33,635"
Tourists,2010-10,"863,664","287,287","525,832","50,545","1,564,664","567,449","990,970","6,245"
Tourists,2010-11,"599,225","229,515","369,533",177,"1,523,335","582,354","940,575",406
Tourists,2010-12,"726,517","257,274","469,114",129,"1,285,965","565,070","720,740",155
Tourists,2011-01,"460,959","181,821","279,050",88,"1,397,167","677,145","719,722",300
Tourists,2011-02,"496,812","177,090","319,623",99,"1,277,920","642,737","634,942",241
Tourists,2011-03,"568,409","225,670","342,628",111,"1,961,104","824,828","1,136,054",222
Tourists,2011-04,"694,587","225,410","466,789","2,388","1,948,784","764,494","1,182,514","1,776"
Tourists,2011-05,"970,321","307,428","604,854","58,039","1,865,709","631,495","1,206,334","27,880"
Tourists,2011-06,"1,460,382","431,982","899,654","128,746","1,452,389","477,690","957,125","17,574"
Tourists,2011-07,"1,945,869","451,688","1,368,811","125,370","2,375,902","537,413","1,800,309","38,180"
Tourists,2011-08,"1,673,769","396,753","1,154,623","122,393","2,779,960","602,222","2,140,151","37,587"
Tourists,2011-09,"1,180,189","331,905","735,259","113,025","1,775,065","531,546","1,215,020","28,499"
Tourists,2011-10,"824,728","267,950","508,264","48,514","1,621,699","593,528","1,022,656","5,515"
Tourists,2011-11,"582,835","215,137","367,599",99,"1,552,405","606,298","945,811",296
Tourists,2011-12,"738,083","240,077","497,823",183,"1,328,657","582,507","746,015",135
Tourists,2012-01,"462,324","182,378","279,765",181,"1,526,486","727,967","798,352",167
Tourists,2012-02,"535,229","193,390","341,766",73,"1,388,476","707,515","680,673",288
Tourists,2012-03,"603,332","225,366","377,843",123,"2,084,173","869,034","1,214,717",422
Tourists,2012-04,"715,863","243,085","470,438","2,340","2,011,755","779,547","1,230,153","2,055"
Tourists,2012-05,"995,656","306,729","637,274","51,653","1,814,170","616,810","1,162,920","34,440"
Tourists,2012-06,"1,532,513","433,158","972,063","127,292","1,582,659","485,058","1,073,769","23,832"
Tourists,2012-07,"1,844,177","459,896","1,275,904","108,377","2,524,311","532,473","1,953,077","38,761"
Tourists,2012-08,"1,853,382","438,172","1,306,657","108,553","2,944,883","603,596","2,301,900","39,387"
Tourists,2012-09,"1,159,873","341,397","705,324","113,152","1,942,212","527,193","1,380,134","34,885"
Tourists,2012-10,"829,492","288,888","493,091","47,513","1,720,814","609,815","1,103,245","7,754"
Tourists,2012-11,"596,760","214,033","382,623",104,"1,649,867","618,667","1,030,854",346
Tourists,2012-12,"758,349","269,122","489,151",76,"1,507,539","613,745","893,605",189
Tourists,2013-01,"455,779","162,315","293,409",55,"1,578,899","740,666","838,128",105
Tourists,2013-02,"503,691","165,905","337,706",80,"1,490,862","723,981","766,686",195
Tourists,2013-03,"638,471","203,516","434,778",177,"2,318,442","904,055","1,413,859",528
Tourists,2013-04,"604,036","197,619","404,661","1,756","2,021,386","826,327","1,193,209","1,850"
Tourists,2013-05,"965,805","268,593","648,478","48,734","1,947,543","655,019","1,263,717","28,807"
Tourists,2013-06,"1,424,678","378,705","941,958","104,015","1,682,737","510,805","1,146,883","25,049"
Tourists,2013-07,"1,833,072","433,525","1,274,069","125,478","2,463,891","559,986","1,863,415","40,490"
Tourists,2013-08,"1,882,060","404,830","1,347,958","129,272","3,016,027","637,004","2,331,955","47,068"
Tourists,2013-09,"1,066,708","314,003","646,444","106,261","1,915,969","555,908","1,320,393","39,668"
Tourists,2013-10,"807,908","257,940","508,090","41,878","1,739,569","631,032","1,103,551","4,986"
Tourists,2013-11,"585,462","194,709","390,652",101,"1,634,494","660,482","973,702",310
Tourists,2013-12,"709,954","239,182","470,548",224,"1,597,174","651,828","945,175",171
Tourists,2014-01,"450,103","161,568","288,484",51,"1,585,081","755,851","829,052",178
Tourists,2014-02,"483,157","165,605","317,503",49,"1,470,587","764,280","706,150",157
Tourists,2014-03,"553,030","202,916","349,977",137,"2,201,883","934,500","1,267,088",295
Tourists,2014-04,"662,708","209,928","451,251","1,529","2,050,595","812,533","1,236,514","1,548"
Tourists,2014-05,"992,697","293,771","646,828","52,098","1,948,623","693,681","1,223,226","31,716"
Tourists,2014-06,"1,402,535","409,699","903,517","89,319","1,726,288","529,323","1,173,522","23,443"
Tourists,2014-07,"1,840,827","468,524","1,262,190","110,113","2,334,314","553,605","1,745,305","35,404"
Tourists,2014-08,"1,889,787","423,053","1,344,151","122,583","3,025,538","647,698","2,333,119","44,721"
Tourists,2014-09,"1,074,367","330,791","629,192","114,384","1,804,573","562,370","1,206,040","36,163"
Tourists,2014-10,"863,729","283,295","531,507","48,927","1,709,192","649,744","1,050,336","9,112"
Tourists,2014-11,"564,599","208,380","356,081",138,"1,661,606","675,225","985,107","1,274"
Tourists,2014-12,"745,642","259,294","486,204",144,"1,495,411","664,476","830,810",125
Tourists,2015-01,"477,371","173,342","303,974",55,"1,566,951","796,276","770,509",166
Tourists,2015-02,"508,802","177,937","330,776",89,"1,419,546","773,673","645,616",257
Tourists,2015-03,"594,209","216,624","376,397","1,188","2,077,148","925,059","1,150,205","1,884"
Tourists,2015-04,"721,645","246,880","472,736","2,029","1,921,658","828,793","1,085,518","7,347"
Tourists,2015-05,"1,096,006","337,281","708,494","50,231","1,834,424","650,477","1,154,466","29,481"
Tourists,2015-06,"1,618,474","475,864","1,057,263","85,347","1,485,644","488,798","980,865","15,981"
Tourists,2015-07,"2,075,835","539,170","1,428,380","108,285","2,165,295","539,019","1,591,457","34,819"
Tourists,2015-08,"1,884,253","483,144","1,291,400","109,709","2,478,003","601,190","1,837,381","39,432"
Tourists,2015-09,"1,270,000","370,662","790,023","109,315","1,595,420","524,946","1,037,102","33,372"
Tourists,2015-10,"930,694","311,714","573,693","45,287","1,464,844","594,819","860,378","9,647"
Tourists,2015-11,"642,019","237,317","404,302",400,"1,426,837","645,347","778,878","2,612"
Tourists,2015-12,"849,528","291,141","556,918","1,469","1,263,382","599,868","662,244","1,270"
Tourists,2016-01,"536,185","204,815","331,309",61,"1,356,146","713,516","642,505",125
Tourists,2016-02,"625,767","240,007","385,653",107,"1,230,191","701,928","528,072",191
Tourists,2016-03,"768,588","283,568","484,805",215,"1,797,979","844,427","953,097",455
Tourists,2016-04,"805,860","283,665","516,974","5,221","1,608,972","751,810","848,696","8,466"
Tourists,2016-05,"1,164,428","384,089","721,229","59,110","1,691,059","638,931","1,022,952","29,176"
Tourists,2016-06,"1,684,163","553,336","1,031,985","98,842","1,375,143","501,197","858,502","15,444"
Tourists,2016-07,"2,306,960","623,185","1,557,162","126,613","2,018,513","534,403","1,452,309","31,801"
Tourists,2016-08,"1,950,223","532,549","1,311,951","105,723","2,340,211","628,672","1,677,682","33,857"
Tourists,2016-09,"1,415,326","448,043","841,580","125,703","1,636,929","554,492","1,048,814","33,623"
Tourists,2016-10,"1,011,256","355,471","593,294","62,491","1,557,322","638,771","905,945","12,606"
Tourists,2016-11,"712,032","268,855","443,049",128,"1,404,973","661,278","743,303",392
Tourists,2016-12,"911,012","334,889","576,042",81,"1,270,061","640,852","629,107",102
Tourists,2017-01,"566,679","230,181","336,428",70,"1,473,657","778,546","695,013",98
Tourists,2017-02,"619,283","230,697","388,500",86,"1,289,479","736,362","552,927",190
Tourists,2017-03,"724,864","292,143","432,587",134,"1,842,583","928,910","913,442",231
Tourists,2017-04,"880,234","316,451","558,334","5,449","1,848,622","842,062","998,221","8,339"
Tourists,2017-05,"1,150,678","393,635","705,663","51,380","1,604,122","665,645","912,758","25,719"
Tourists,2017-06,"1,810,837","603,727","1,099,522","107,588","1,463,017","604,742","843,680","14,595"
Tourists,2017-07,"2,263,643","626,159","1,520,286","117,198","2,122,836","638,128","1,457,730","26,978"
Tourists,2017-08,"2,045,974","564,322","1,367,582","114,070","2,455,017","696,547","1,727,488","30,982"
Tourists,2017-09,"1,442,100","440,421","856,478","145,201","1,732,955","643,160","1,056,887","32,908"
Tourists,2017-10,"1,059,752","386,927","600,857","71,968","1,684,432","736,398","935,110","12,924"
Tourists,2017-11,"755,753","309,961","445,682",110,"1,553,199","791,081","761,846",272
Tourists,2017-12,"921,886","346,563","575,289",34,"1,423,295","746,025","677,236",34
Tourists,2018-01,"570,637","244,821","325,762",54,"1,570,201","867,115","702,999",87
Tourists,2018-02,"643,435","251,450","391,911",74,"1,437,970","846,922","590,895",153
Tourists,2018-03,"825,963","311,481","514,304",178,"2,063,010","1,033,303","1,029,406",301
Tourists,2018-04,"773,422","283,468","479,047","10,907","1,998,703","952,279","1,040,212","6,212"
Tourists,2018-05,"1,194,635","355,413","750,295","88,927","1,796,144","770,031","998,744","27,369"
Tourists,2018-06,"1,912,850","542,253","1,192,567","178,030","1,527,987","613,024","897,959","17,004"
Tourists,2018-07,"2,240,828","600,420","1,514,010","126,398","2,165,980","648,021","1,489,349","28,610"
Tourists,2018-08,"2,168,304","555,212","1,488,713","124,379","2,458,457","731,270","1,690,951","36,236"
Tourists,2018-09,"1,363,666","432,935","802,363","128,368","1,739,771","682,449","1,024,648","32,674"
Tourists,2018-10,"1,032,192","374,370","590,731","67,091","1,654,927","797,302","846,572","11,053"
Tourists,2018-11,"770,223","301,557","468,525",141,"1,562,297","837,992","724,085",220
Tourists,2018-12,"944,198","338,496","605,672",30,"1,499,705","807,620","692,048",37
Tourists,2019-01,"580,740","249,155","331,532",53,"1,448,889","791,387","657,419",83
Tourists,2019-02,"640,476","268,639","371,775",62,"1,331,755","795,218","536,482",55
Tourists,2019-03,"797,206","326,552","470,485",169,"2,013,861","1,002,713","1,008,861","2,287"
Tourists,2019-04,"897,330","356,968","534,894","5,468","1,858,224","870,214","985,656","2,354"
Tourists,2019-05,"1,274,809","429,789","738,753","106,267","1,699,914","728,183","939,760","31,971"
Tourists,2019-06,"1,897,014","622,180","1,118,570","156,264","1,512,610","585,840","909,077","17,693"
Tourists,2019-07,"2,341,842","674,480","1,502,298","165,064","2,079,536","599,529","1,456,918","23,089"
Tourists,2019-08,"2,327,142","621,114","1,531,711","174,317","2,435,091","673,317","1,734,490","27,284"
Tourists,2019-09,"1,390,602","495,617","730,618","164,367","1,712,171","647,359","1,027,158","37,654"
Tourists,2019-10,"1,092,132","406,378","603,070","82,684","1,588,473","737,476","841,938","9,059"
Tourists,2019-11,"783,931","306,118","477,667",146,"1,502,680","801,807","698,473","2,400"
Tourists,2019-12,"981,318","377,792","603,352",174,"1,536,864","780,191","756,594",79
Tourists,2020-01,"620,731","254,354","366,335",42,"1,502,707","847,165","655,498",44
Tourists,2020-02,"699,976","268,327","431,559",90,"1,450,606","843,517","607,000",89
Tourists,2020-03,"308,399","123,497","184,827",75,"1,348,145","632,272","715,778",95
Tourists,2020-04,"9,617","1,657","7,944",16,"41,927","8,587","33,321",19
Tourists,2020-05,"16,431","2,568","13,801",62,"29,682","7,801","21,829",52
Tourists,2020-06,"32,198","6,427","25,555",216,"40,024","13,910","25,997",117
Tourists,2020-07,"40,460","9,175","31,152",133,"53,169","23,680","29,367",122
Tourists,2020-08,"44,976","11,985","32,836",155,"64,783","31,381","33,300",102
Tourists,2020-09,"36,947","10,401","26,391",155,"54,935","29,028","25,813",94
Tourists,2020-10,"36,726","11,161","25,507",58,"64,166","35,707","28,410",49
Tourists,2020-11,"34,255","12,565","21,676",14,"73,826","46,534","27,289",3
Tourists,2020-12,"48,073","19,068","29,001",4,"84,918","54,671","30,231",16
Tourists,2021-01,"26,300","9,697","16,601",2,"92,046","63,512","28,533",1
Tourists,2021-02,"19,247","5,204","14,038",5,"52,104","27,911","24,177",16
Tourists,2021-03,"24,525","3,633","20,873",19,"50,708","15,482","35,180",46
Tourists,2021-04,"26,434","4,032","22,310",92,"82,261","19,214","62,984",63
Tourists,2021-05,"35,889","4,474","30,962",453,"95,095","22,314","72,652",129
Tourists,2021-06,"45,297","6,557","38,325",415,"85,133","21,749","63,176",208
Tourists,2021-07,"108,809","34,780","73,713",316,"163,644","87,810","75,648",186
Tourists,2021-08,"374,418","86,781","285,719","1,918","264,659","163,365","101,023",271
Tourists,2021-09,"375,858","113,140","261,562","1,156","236,763","168,813","67,588",362
Tourists,2021-10,"342,138","122,792","219,097",249,"308,902","243,467","65,353",82
Tourists,2021-11,"303,209","117,729","185,434",46,"497,381","313,847","183,464",70
Tourists,2021-12,"411,289","166,732","244,511",46,"600,326","323,609","276,687",30
Tourists,2022-01,"134,594","54,828","79,627",139,"436,208","250,121","185,956",131
Tourists,2022-02,"215,840","81,941","133,628",271,"430,705","267,067","163,439",199
Tourists,2022-03,"327,625","141,500","185,491",634,"947,799","534,462","413,063",274
Tourists,2022-04,"486,165","172,181","301,691","12,293","1,247,395","595,398","646,554","5,443"
Tourists,2022-05,"701,733","259,739","403,477","38,517","1,254,125","577,537","666,060","10,528"
Tourists,2022-06,"1,147,456","470,150","643,677","33,629","1,002,156","432,020","562,434","7,702"
Tourists,2022-07,"1,483,493","528,131","907,255","48,107","1,467,348","486,947","965,754","14,647"
Tourists,2022-08,"1,309,326","440,476","808,081","60,769","1,794,400","667,699","1,109,628","17,073"
Tourists,2022-09,"1,019,812","383,633","566,527","69,652","1,412,628","702,444","696,073","14,111"
Tourists,2022-10,"844,706","303,779","481,242","59,685","1,546,044","848,122","687,768","10,154"
Tourists,2022-11,"620,013","244,937","361,435","13,641","1,472,459","923,398","545,337","3,724"
Tourists,2022-12,"801,995","305,044","482,071","14,880","1,370,912","888,649","479,060","3,203"
Tourists,2023-01,"478,041","191,209","284,800","2,032","1,670,182","1,083,839","584,804","1,539"
Tourists,2023-02,"574,324","213,117","356,215","4,992","1,476,370","1,002,158","471,625","2,587"
Tourists,2023-03,"668,044","267,445","389,972","10,627","2,093,041","1,295,857","791,947","5,237"
Tourists,2023-04,"779,099","280,161","472,558","26,380","1,924,382","1,091,554","823,265","9,563"
Tourists,2023-05,"1,055,182","383,489","625,790","45,903","1,729,542","882,418","834,791","12,333"
Tourists,2023-06,"1,627,066","618,965","967,569","40,532","1,345,406","624,602","712,187","8,617"
Tourists,2023-07,"1,954,984","657,409","1,232,480","65,095","1,981,539","678,153","1,285,576","17,810"
Tourists,2023-08,"1,734,475","545,795","1,103,427","85,253","2,201,077","747,660","1,434,014","19,403"
Tourists,2023-09,"1,272,877","453,479","733,812","85,586","1,548,703","695,142","840,073","13,488"
Tourists,2023-10,"977,929","370,049","531,961","75,919","1,652,006","835,429","806,190","10,387"
Tourists,2023-11,"713,433","277,811","422,088","13,534","1,494,839","843,517","646,528","4,794"
Tourists,2023-12,"947,494","348,846","580,070","18,578","1,397,253","789,431","604,067","3,755"
Tourists,2024-01,"505,628","216,050","288,721",857,"1,534,540","897,757","635,571","1,212"
Tourists,2024-02,"659,347","249,198","403,490","6,659","1,411,746","880,577","528,440","2,729"
Tourists,2024-03,"800,251","305,637","482,038","12,576","2,030,842","1,080,128","944,957","5,757"
Tourists,2024-04,"879,875","327,376","525,945","26,554","1,781,119","948,562","825,279","7,278"
Tourists,2024-05,"1,187,726","462,394","685,263","40,069","1,726,007","843,392","870,862","11,753"
Tourists,2024-06,"1,756,505","689,543","1,020,385","46,577","1,430,418","611,821","808,056","10,541"
Tourists,2024-07,"2,092,830","738,127","1,288,785","65,918","1,978,222","641,148","1,317,874","19,200"
Tourists,2024-08,"1,970,510","643,414","1,251,723","75,373","2,211,701","703,210","1,488,550","19,941"
Tourists,2024-09,"1,243,319","508,715","652,258","82,346","1,612,898","672,715","926,167","14,016"
Tourists,2024-10,"1,064,630","409,488","596,397","58,745","1,581,338","784,287","787,896","9,155"
Tourists,2024-11,"853,185","317,796","524,068","11,321","1,444,579","803,087","637,541","3,951"
Tourists,2024-12,"1,068,969","405,007","646,994","16,968","1,497,711","788,222","705,370","4,119"
Tourists,2025-01,"606,322","239,862","364,722","1,738","1,410,272","826,515","582,615","1,142"
